date, pm25, pm10, o3, no2, so2
2025/11/1, 8, 8, 14, 1, 
2025/11/2, 13, 8, 19, 5, 
2025/11/3, 23, 6, 18, 3, 
2025/11/4, 11, 3, 21, 1, 
2025/11/5, 15, 12, 18, 2, 
2025/11/6, 45, 11, 15, 3, 
2025/11/7, 42, 15, 18, 3, 
2025/11/8, 41, 16, 19, 2, 
2025/11/9, 45, 4, 18, 2, 
2025/11/10, 13, , , , 
2025/10/1, 23, 20, 21, 7, 
2025/10/2, 26, 13, 20, 5, 
2025/10/3, 25, 10, 17, 2, 
2025/10/4, 24, 12, 16, 1, 
2025/10/5, 25, 7, 15, 2, 
2025/10/6, 20, 12, 14, 3, 
2025/10/7, 26, 11, 24, 2, 
2025/10/8, 24, 6, 19, 3, 
2025/10/9, 11, 6, 22, 2, 
2025/10/10, 9, 6, 26, , 
2025/10/11, 8, 4, 27, , 
2025/10/12, 5, 4, 25, 1, 
2025/10/13, 7, 3, 16, 2, 
2025/10/14, 11, 5, 27, 4, 
2025/10/15, 10, 4, 28, 1, 
2025/10/16, 11, 9, 23, 8, 
2025/10/17, 14, 28, 20, 12, 
2025/10/18, 34, 21, 21, 6, 
2025/10/19, 30, 7, 22, 4, 
2025/10/20, 8, 8, 21, 2, 
2025/10/21, 11, 9, 20, 1, 
2025/10/22, 21, 9, 18, 2, 
2025/10/23, 27, 9, 10, 3, 
2025/10/24, 28, 9, 14, 1, 
2025/10/25, 27, 4, 24, 1, 
2025/10/26, 12, 9, 19, 4, 
2025/10/27, 15, 8, 14, 3, 
2025/10/28, 11, 9, 15, 4, 
2025/10/29, 12, 5, 15, 3, 
2025/10/30, 13, 3, 13, 2, 
2025/10/31, 12, 9, 19, 4, 
2025/7/1, 14, 14, 26, 3, 
2025/7/2, 24, 17, 38, 1, 
2025/7/3, 41, 14, 26, , 
2025/7/4, 13, 7, 24, 1, 
2025/7/5, 14, 5, 30, , 
2025/7/6, 14, 10, 24, 2, 
2025/7/7, 19, 6, 26, 1, 
2025/7/8, 24, 9, 23, 3, 
2025/7/9, 25, 8, 20, 1, 
2025/7/10, 18, 12, 18, , 
2025/7/11, 16, 15, 17, 3, 
2025/7/12, 42, 7, 22, 3, 
2025/7/13, 24, 12, 23, 4, 
2025/7/14, 32, 22, 32, 5, 
2025/7/15, 45, 17, 32, 4, 
2025/7/16, 51, 14, 38, 4, 
2025/7/17, 33, 16, 41, 3, 
2025/7/18, 34, 13, 37, 2, 
2025/7/19, 35, 11, 35, 2, 
2025/7/20, 29, 21, 32, 2, 
2025/7/21, 41, 13, 29, 4, 
2025/7/22, 39, 16, 40, 3, 
2025/7/23, 44, 20, 39, 4, 
2025/7/24, 51, 21, 38, 5, 
2025/7/25, 55, 16, 40, 3, 
2025/7/26, 42, 10, 31, 3, 
2025/7/27, 25, 18, 29, 2, 
2025/7/28, 26, 18, 35, 1, 
2025/7/29, 30, 21, 28, 3, 
2025/7/30, 43, 18, 30, 4, 
2025/7/31, 45, 10, 27, 2, 
2025/8/1, 32, 7, 33, 1, 
2025/8/2, 19, 12, 36, 2, 
2025/8/3, 24, 15, 32, 1, 
2025/8/4, 29, 10, 28, 1, 
2025/8/5, 16, 9, 28, , 
2025/8/6, 16, 9, 25, , 
2025/8/7, 13, 9, 27, 1, 
2025/8/8, 18, 12, 36, 1, 
2025/8/9, 26, 9, 33, , 
2025/8/10, 18, 8, 27, , 
2025/8/11, 12, 7, 28, 1, 
2025/8/12, 10, 6, 27, 1, 
2025/8/13, 7, 13, 33, 5, 
2025/8/14, 26, 21, 33, 4, 
2025/8/15, 25, 7, 30, , 
2025/8/16, 14, 3, 23, , 
2025/8/17, 5, 4, 23, 1, 
2025/8/18, 5, 7, 23, 1, 
2025/8/19, 11, 4, 26, , 
2025/8/20, 6, 6, 22, 2, 
2025/8/21, 6, 7, 25, 2, 
2025/8/22, 6, 5, 24, 2, 
2025/8/23, 14, 5, 22, 2, 
2025/8/24, 12, 3, 19, 2, 
2025/8/25, 13, 4, 22, 1, 
2025/8/26, 11, 8, 21, 2, 
2025/8/27, 11, 6, 21, 4, 
2025/8/28, 11, 12, 20, 3, 
2025/8/29, 21, 11, 19, 1, 
2025/8/30, 36, 5, 25, , 
2025/8/31, 9, 4, 17, 1, 
2025/9/1, 9, , , , 
2025/9/2, 7, 16, 20, 2, 
2025/9/3, 11, 10, 29, 3, 
2025/9/4, 20, 24, 24, 5, 
2025/9/5, 23, 12, 19, 2, 
2025/9/6, 32, 16, 22, 2, 
2025/9/7, 48, 19, 23, 5, 
2025/9/8, 43, 22, 26, 3, 
2025/9/9, 30, 20, 29, 2, 
2025/9/10, 30, 27, 31, 1, 
2025/9/11, 28, 17, 29, 1, 
2025/9/12, 20, 9, 24, 2, 
2025/9/13, 21, 10, 16, 1, 
2025/9/14, 17, 13, 24, 1, 
2025/9/15, 23, 8, 27, 1, 
2025/9/16, 14, 7, 24, 1, 
2025/9/17, 8, 10, 20, 2, 
2025/9/18, 9, 6, 26, 1, 1
2025/9/19, 7, 7, 26, , 
2025/9/20, 14, 11, 39, , 
2025/9/21, 32, 9, 33, , 
2025/9/22, 21, 4, 24, , 
2025/9/23, 4, 5, 26, , 
2025/9/24, 5, 12, 27, 4, 
2025/9/25, 9, 13, 22, 4, 
2025/9/26, 10, 7, 19, 4, 
2025/9/27, 13, 9, 22, 2, 
2025/9/28, 16, 15, 16, 3, 
2025/9/29, 15, 12, 17, 3, 
2025/9/30, 19, 16, 18, 5, 
2025/4/1, 52, 17, 29, 4, 
2025/4/2, 12, 18, 33, 3, 
2025/4/3, 17, 26, 33, 1, 
2025/4/4, 11, 5, 37, , 
2025/4/5, 12, 3, 38, , 
2025/4/6, 11, 9, 35, 4, 
2025/4/7, 15, 7, 36, 1, 
2025/4/8, 15, 9, 34, 3, 
2025/4/9, 11, 9, 33, 3, 
2025/4/10, 11, 6, 33, 2, 
2025/4/11, 11, 12, 33, 4, 
2025/4/12, 15, 13, 33, 6, 
2025/4/13, 20, 19, 37, 2, 
2025/4/14, 25, 18, 32, 5, 
2025/4/15, 44, 21, 39, 1, 
2025/4/16, 18, 9, 26, 4, 
2025/4/17, 18, 15, 31, 4, 
2025/4/18, 28, 39, 20, 10, 
2025/4/19, 60, 7, 17, 2, 
2025/4/20, 22, 10, 17, 4, 
2025/4/21, 28, 6, 22, 4, 
2025/4/22, 13, 14, 18, 5, 
2025/4/23, 21, 6, 32, 1, 
2025/4/24, 15, 10, 33, 4, 
2025/4/25, 15, 6, 36, 1, 
2025/4/26, 9, 10, 33, 3, 
2025/4/27, 8, 13, 39, 1, 
2025/4/28, 13, 7, 32, 1, 
2025/4/29, 12, 8, 28, 5, 
2025/4/30, 13, 9, 31, 7, 
2025/5/1, 16, 13, 39, 1, 
2025/5/2, 14, 7, 34, , 
2025/5/3, 16, 5, 27, 1, 
2025/5/4, 9, 8, 30, 1, 
2025/5/5, 7, 6, 28, 1, 
2025/5/6, 7, 5, 31, 2, 
2025/5/7, 9, 5, 31, 1, 
2025/5/8, 7, 8, 31, 5, 
2025/5/9, 12, 16, 30, 7, 
2025/5/10, 24, 7, 36, 1, 
2025/5/11, 15, 14, 36, 3, 
2025/5/12, 23, 18, 36, 5, 
2025/5/13, 26, 9, 37, 2, 
2025/5/14, 16, 5, 33, 3, 
2025/5/15, 13, 10, 36, 1, 
2025/5/16, 18, 5, 35, 1, 
2025/5/17, 11, 7, 36, 1, 
2025/5/18, 17, 11, 33, 2, 
2025/5/19, 19, 14, 34, 3, 
2025/5/20, 14, 10, 34, 3, 
2025/5/21, 11, 17, 36, 1, 
2025/5/22, 24, 14, 32, 4, 
2025/5/23, 26, 14, 30, 4, 
2025/5/24, 18, 5, 32, 2, 
2025/5/25, 13, 14, 30, 2, 
2025/5/26, 16, 12, 33, 2, 
2025/5/27, 24, 14, 41, 2, 
2025/5/28, 18, 21, 32, 4, 
2025/5/29, 34, 13, 33, 2, 
2025/5/30, 30, 11, 28, , 
2025/5/31, 15, 6, 32, 1, 
2025/6/1, 6, 11, 30, 2, 
2025/6/2, 16, 12, 32, , 
2025/6/3, 23, 14, 37, 1, 
2025/6/4, 19, 14, 36, 2, 
2025/6/5, 27, 11, 31, 2, 
2025/6/6, 27, 12, 37, , 
2025/6/7, 18, 9, 31, 1, 
2025/6/8, 14, 11, 25, 5, 
2025/6/9, 22, 9, 29, 2, 
2025/6/10, 43, 11, 25, 2, 
2025/6/11, 36, 11, 28, 2, 
2025/6/12, 44, 10, 24, 3, 
2025/6/13, 27, 11, 29, 3, 
2025/6/14, 17, 7, 39, 1, 
2025/6/15, 8, 14, 46, 2, 
2025/6/16, 22, 12, 31, 1, 
2025/6/17, 37, 12, 30, , 
2025/6/18, 23, 7, 27, 1, 
2025/6/19, 12, 7, 28, 1, 
2025/6/20, 15, 7, 30, , 
2025/6/21, 9, 5, 25, , 
2025/6/22, 11, 9, 23, 1, 
2025/6/23, 21, 7, 24, , 
2025/6/24, 23, 7, 22, , 
2025/6/25, 19, 7, 27, , 
2025/6/26, 14, 8, 23, 2, 
2025/6/27, 18, 5, 23, 2, 
2025/6/28, 23, 8, 29, , 
2025/6/29, 18, 8, 25, 1, 
2025/6/30, 12, 9, 26, , 
2025/1/1, 21, 3, 29, 3, 
2025/1/2, 16, 5, 29, 8, 
2025/1/3, 9, 9, 26, 8, 
2025/1/4, 23, 6, 27, 6, 
2025/1/5, 16, 6, 22, 5, 
2025/1/6, 11, 11, 16, 8, 
2025/1/7, 28, 10, 25, 6, 
2025/1/8, 28, 5, 23, 4, 
2025/1/9, 7, 8, 19, 4, 
2025/1/10, 21, 2, 20, 2, 
2025/1/11, 11, 3, 32, 3, 
2025/1/12, 13, 4, 32, 4, 
2025/1/13, 9, 4, 28, 1, 
2025/1/14, 11, 3, 27, 4, 
2025/1/15, 10, 5, 28, 2, 
2025/1/16, 12, 4, 23, 2, 
2025/1/17, 12, 7, 33, 1, 
2025/1/18, 17, 5, 25, 1, 
2025/1/19, 11, 6, 26, 6, 
2025/1/20, 5, 12, 25, 3, 
2025/1/21, 10, 8, 23, 4, 
2025/1/22, 28, 7, 18, 3, 
2025/1/23, 19, 8, 22, 3, 
2025/1/24, 29, 9, 22, , 
2025/1/25, 25, 8, 26, , 
2025/1/26, 23, 7, 24, 6, 
2025/1/27, 15, 12, 18, 6, 
2025/1/28, 32, 14, 26, 4, 
2025/1/29, 51, 5, 26, 1, 
2025/1/30, 16, 6, 23, 3, 
2025/1/31, 9, 3, 21, 7, 
2025/2/1, 8, 2, 26, 3, 
2025/2/2, 7, 4, 21, 4, 
2025/2/3, 11, 9, 19, 4, 
2025/2/4, 25, 9, 20, 3, 
2025/2/5, 30, 8, 19, 4, 
2025/2/6, 40, 20, 18, 4, 
2025/2/7, 30, 14, 27, 2, 
2025/2/8, 31, 23, 21, 4, 
2025/2/9, 50, 28, 22, 8, 
2025/2/10, 55, 20, 16, 6, 
2025/2/11, 34, 14, 21, 3, 
2025/2/12, 38, 12, 30, 3, 
2025/2/13, 38, 5, 29, 3, 
2025/2/14, 47, 4, 32, 3, 
2025/2/15, 7, 5, 28, 3, 
2025/2/16, 7, 6, 25, 6, 
2025/2/17, 14, 10, 29, 9, 
2025/2/18, 35, 9, 29, 11, 
2025/2/19, 14, 20, 22, 15, 
2025/2/20, 41, 10, 30, 3, 
2025/2/21, 18, 19, 29, 2, 
2025/2/22, 53, 30, 27, 3, 
2025/2/23, 58, 34, 29, 5, 
2025/2/24, 80, 45, 30, 6, 
2025/2/25, 86, 33, 27, 7, 
2025/2/26, 90, 11, 14, 6, 
2025/2/27, 38, 15, 20, 6, 
2025/2/28, 54, 7, 26, 3, 
2025/3/1, 23, 6, 30, 1, 
2025/3/2, 13, 10, 31, 1, 
2025/3/3, 13, 11, 34, , 
2025/3/4, 16, 8, 32, , 
2025/3/5, 17, 15, 30, , 
2025/3/6, 21, 24, 30, 8, 
2025/3/7, 27, 24, 34, 2, 
2025/3/8, 50, 13, 28, 5, 
2025/3/9, 20, 28, 30, 5, 
2025/3/10, 30, 19, 33, 4, 
2025/3/11, 39, 9, 32, 2, 
2025/3/12, 19, 9, 26, 6, 
2025/3/13, 37, 13, 34, 2, 
2025/3/14, 19, 12, 35, , 
2025/3/15, 10, 5, 33, , 
2025/3/16, 10, 11, 34, 2, 
2025/3/17, 8, 11, 34, 1, 
2025/3/18, 9, 14, 36, 1, 
2025/3/19, 8, 20, 28, 2, 
2025/3/20, 18, 12, 31, 3, 
2025/3/21, 27, 12, 35, 2, 
2025/3/22, 18, 16, 36, 2, 
2025/3/23, 20, 21, 33, 3, 
2025/3/24, 33, 21, 28, 3, 
2025/3/25, 58, 19, 26, 7, 
2025/3/26, 38, 35, 33, 7, 
2025/3/27, 28, 22, 35, 3, 
2025/3/28, 23, 18, 38, 2, 
2025/3/29, 38, 16, 30, 6, 
2025/3/30, 43, 20, 22, 7, 
2025/3/31, 41, 30, 27, 9, 
2024/10/1, 7, 4, 18, 6, 
2024/10/2, 14, 1, 25, , 
2024/10/3, 7, 4, 25, 3, 
2024/10/4, 13, 13, 18, 8, 
2024/10/5, 23, 11, 19, 4, 
2024/10/6, 16, 6, 26, 6, 
2024/10/7, 14, 8, 17, 5, 
2024/10/8, 13, 2, 15, 2, 
2024/10/9, 6, 3, 20, 2, 
2024/10/10, 11, 7, 29, 1, 
2024/10/11, 15, 2, 27, 3, 
2024/10/12, 9, 5, 24, 3, 
2024/10/13, 10, 10, 13, 8, 
2024/10/14, 17, 2, 25, 2, 
2024/10/15, 6, 9, 24, 6, 
2024/10/16, 7, 4, 21, 2, 
2024/10/17, 7, 7, 21, 4, 
2024/10/18, 16, 6, 23, 2, 
2024/10/19, 13, 7, 23, 1, 
2024/10/20, 23, 9, 22, 2, 
2024/10/21, 33, 11, 25, 1, 
2024/10/22, 26, 5, 29, 1, 
2024/10/23, 10, 7, 28, 2, 
2024/10/24, 12, 8, 30, 2, 
2024/10/25, 11, 11, 25, 3, 
2024/10/26, 29, 12, 19, 2, 
2024/10/27, 35, 5, 27, 2, 
2024/10/28, 15, 6, 27, 3, 
2024/10/29, 8, 3, 30, 1, 
2024/10/30, 4, 7, 18, 7, 
2024/10/31, 7, 2, 32, 4, 
2024/11/1, 6, 1, 29, , 
2024/11/2, 5, 1, 30, 1, 
2024/11/3, 4, 2, 29, 3, 
2024/11/4, 6, 3, 22, 3, 
2024/11/5, 10, 2, 20, 2, 
2024/11/6, 6, 4, 15, 4, 
2024/11/7, 11, 2, 15, 2, 
2024/11/8, 10, , , , 
2024/11/9, 8, , , , 
2024/11/10, 9, 10, 8, 5, 
2024/11/11, 7, 2, 16, 3, 
2024/11/12, 9, 6, 21, 2, 
2024/11/13, 5, 7, 32, 1, 
2024/11/14, 18, 10, 31, 2, 
2024/11/15, 18, 7, 33, , 
2024/11/16, 10, 3, 30, 1, 
2024/11/17, 8, 8, 30, 3, 
2024/11/18, 13, 5, 20, 8, 
2024/11/19, 11, 1, 20, 3, 
2024/11/20, 11, 1, 20, 2, 
2024/11/21, 6, 2, 22, 3, 
2024/11/22, 5, 1, 25, 2, 
2024/11/23, 7, 5, 23, 3, 
2024/11/24, 11, 8, 19, 2, 
2024/11/25, 37, 11, 19, 4, 
2024/11/26, 38, 8, 19, 6, 
2024/11/27, 16, 5, 18, 5, 
2024/11/28, 13, 1, 26, 4, 
2024/11/29, 8, 2, 23, 1, 
2024/11/30, 8, 5, 23, 1, 
2024/12/1, 16, 13, 22, 2, 
2024/12/2, 36, 6, 23, 4, 
2024/12/3, 23, 9, 24, 9, 
2024/12/4, 16, 13, 20, 3, 
2024/12/5, 13, 5, 13, 2, 
2024/12/6, 16, 3, 10, 4, 
2024/12/7, 20, 5, 15, 3, 
2024/12/8, 23, 9, 18, 8, 
2024/12/9, 30, 2, 17, 3, 
2024/12/10, 15, 2, 30, 1, 
2024/12/11, 12, 4, 31, 3, 
2024/12/12, 12, 11, 27, 5, 
2024/12/13, 15, 1, 23, 2, 
2024/12/14, 8, 1, 20, 2, 
2024/12/15, 14, 3, 32, 1, 
2024/12/16, 11, 2, 29, 1, 
2024/12/17, 9, 10, 21, 10, 
2024/12/18, 12, 3, 22, 3, 
2024/12/19, 15, 3, 29, 2, 
2024/12/20, 19, 3, 29, 1, 
2024/12/21, 7, 2, 21, 1, 
2024/12/22, 8, 5, 21, 4, 
2024/12/23, 13, 3, 14, 4, 
2024/12/24, 14, 2, 22, 1, 
2024/12/25, 9, 1, 25, , 
2024/12/26, 5, 1, 22, 3, 
2024/12/27, 6, 2, 22, 2, 
2024/12/28, 6, 1, 19, , 
2024/12/29, 5, , , , 
2024/7/1, 26, 10, 31, , 
2024/7/2, 12, 7, 25, 3, 
2024/7/3, 11, 10, 28, , 
2024/7/4, 7, 8, 19, 1, 
2024/7/5, 7, 8, 29, , 
2024/7/6, 7, 10, 34, , 
2024/7/7, 17, 10, 30, 1, 
2024/7/8, 8, 13, 35, 1, 
2024/7/9, 8, 8, 31, 3, 
2024/7/10, 76, 14, 26, 2, 
2024/7/11, 36, 10, 30, 2, 
2024/7/12, 11, 9, 26, 2, 
2024/7/13, 13, 9, 29, 1, 
2024/7/14, 16, 9, 38, 1, 
2024/7/15, 78, 12, 36, 2, 
2024/7/16, 11, 13, 42, 1, 
2024/7/17, 13, 10, 32, 1, 
2024/7/18, 11, 21, 26, 1, 
2024/7/19, 5, 6, 26, 1, 
2024/7/20, 5, 7, 22, 1, 
2024/7/21, 14, 12, 31, 1, 
2024/7/22, 27, 14, 26, 3, 
2024/7/23, 22, 12, 26, 2, 
2024/7/24, 12, 11, 24, 4, 
2024/7/25, 18, 11, 41, 2, 
2024/7/26, 13, 8, 36, 2, 
2024/7/27, 12, 8, 34, 1, 
2024/7/28, 9, 8, 26, 3, 
2024/7/29, 14, 8, 26, 4, 
2024/7/30, 10, 11, 31, 1, 
2024/7/31, 8, 4, 21, 1, 
2024/8/1, 5, 10, 21, , 
2024/8/2, 9, 2, 20, , 
2024/8/3, 4, 2, 27, 2, 
2024/8/4, 7, 6, 29, 4, 
2024/8/5, 12, 5, 22, 5, 
2024/8/6, 17, 7, 25, 3, 
2024/8/7, 21, 8, 28, 5, 
2024/8/8, 17, 12, 33, 2, 
2024/8/9, 21, 6, 26, , 
2024/8/10, 7, 5, 27, , 
2024/8/11, 4, 4, 25, 1, 
2024/8/13, 5, 8, 25, 3, 
2024/8/14, 5, 8, 31, 4, 
2024/8/15, 5, 14, 32, 2, 
2024/8/16, 17, 7, 29, , 
2024/8/17, 17, 5, 31, 1, 
2024/8/18, 6, 12, 34, 3, 
2024/8/19, 10, 9, 34, 5, 
2024/8/20, 11, 10, 28, 2, 
2024/8/21, 22, 6, 28, 2, 
2024/8/22, 8, 6, 27, 1, 
2024/8/23, 9, 7, 30, , 
2024/8/24, 14, 12, 51, , 
2024/8/25, 17, 9, 29, 1, 
2024/8/26, 17, 15, 33, 2, 
2024/8/27, 31, 13, 33, 3, 
2024/8/28, 23, 16, 35, 5, 
2024/8/29, 25, 20, 42, 2, 
2024/8/30, 34, 11, 36, 1, 
2024/8/31, 28, 4, 23, 1, 
2024/9/1, 6, 5, 25, 1, 
2024/9/2, 9, 14, 18, 3, 
2024/9/3, 31, 17, 33, 3, 
2024/9/4, 34, 23, 32, 6, 
2024/9/5, 46, 13, 33, 3, 
2024/9/6, 25, 21, 39, 3, 
2024/9/7, 24, 29, 39, 2, 
2024/9/8, 48, 31, 40, 2, 
2024/9/9, 53, 28, 34, 2, 
2024/9/10, 39, 11, 31, 2, 
2024/9/11, 25, 8, 25, 2, 
2024/9/12, 12, 7, 25, 6, 
2024/9/13, 23, 15, 15, 3, 
2024/9/14, 43, 9, 17, 1, 
2024/9/15, 32, 11, 17, 3, 
2024/9/16, 22, 38, 23, 5, 
2024/9/17, 69, 19, 19, 5, 
2024/9/18, 37, 9, 21, 4, 
2024/9/19, 11, 9, 26, 4, 
2024/9/20, 10, 5, 30, 2, 
2024/9/21, 12, 2, 30, 2, 
2024/9/22, 6, 5, 20, 2, 
2024/9/23, 7, 16, 26, 2, 
2024/9/24, 23, 18, 34, 2, 
2024/9/25, 34, 4, 32, 2, 
2024/9/26, 12, 3, 33, 1, 
2024/9/27, 10, 3, 30, 1, 
2024/9/28, 4, 1, 30, , 
2024/9/29, 3, 4, 25, 6, 
2024/9/30, 10, 12, 25, 5, 
2024/4/1, 52, 13, 28, 1, 
2024/4/2, 16, 2, 30, 1, 
2024/4/3, 7, 6, 29, , 
2024/4/4, 17, 11, 26, 3, 
2024/4/5, 14, 4, 22, 4, 
2024/4/6, 15, 26, 29, 7, 
2024/4/7, 36, 16, 39, 1, 
2024/4/8, 23, 17, 31, 7, 
2024/4/9, 25, 22, 34, 2, 
2024/4/10, 28, 18, 34, , 
2024/4/11, 16, 6, 33, 1, 
2024/4/12, 13, 8, 28, 1, 
2024/4/13, 16, 3, 34, 1, 
2024/4/14, 13, 7, 31, 3, 
2024/4/15, 8, 7, 28, 2, 
2024/4/16, 14, 6, 29, 2, 
2024/4/17, 20, 5, 34, 1, 
2024/4/18, 13, 7, 33, 1, 
2024/4/19, 18, 5, 32, 1, 
2024/4/20, 17, 6, 29, 2, 
2024/4/21, 21, 5, 29, 1, 
2024/4/22, 15, 2, 25, 2, 
2024/4/23, 13, 6, 29, 3, 
2024/4/24, 25, 5, 27, 2, 
2024/4/25, 15, 5, 34, 4, 
2024/4/26, 13, 21, 41, 10, 
2024/4/27, 33, 8, 35, 3, 
2024/4/28, 24, 24, 44, 2, 
2024/4/29, 28, 17, 40, 2, 
2024/4/30, 26, 13, 34, 3, 
2024/5/1, 22, 12, 34, 4, 
2024/5/2, 19, 14, 36, 3, 
2024/5/3, 14, 20, 40, 3, 
2024/5/4, 22, 7, 35, 2, 
2024/5/5, 9, 14, 35, 1, 
2024/5/6, 16, 7, 35, 1, 
2024/5/7, 14, 6, 27, 1, 
2024/5/8, 19, 16, 31, 5, 
2024/5/9, 26, 8, 30, 2, 
2024/5/10, 14, 8, 33, 1, 
2024/5/11, 8, 7, 34, 3, 
2024/5/12, 11, 11, 33, 2, 
2024/5/13, 11, 15, 35, 3, 
2024/5/14, 24, 15, 34, 4, 
2024/5/15, 20, 23, 43, 4, 
2024/5/16, 22, 21, 37, 7, 
2024/5/17, 26, 14, 35, 4, 
2024/5/18, 24, 19, 44, 5, 
2024/5/19, 33, 19, 34, 4, 
2024/5/20, 19, 15, 33, 4, 
2024/5/21, 11, 25, 32, 2, 
2024/5/22, 8, 25, 31, 2, 
2024/5/23, 21, 27, 42, 3, 
2024/5/24, 28, 26, 40, 5, 
2024/5/25, 47, 18, 42, 6, 
2024/5/26, 42, 27, 35, 5, 
2024/5/27, 58, 24, 48, 3, 
2024/5/28, 45, 24, 42, 3, 
2024/5/29, 37, 15, 42, 4, 
2024/5/30, 34, 21, 45, 6, 
2024/5/31, 48, 23, 31, 5, 
2024/6/1, 60, 12, 41, 4, 
2024/6/2, 31, 18, 40, 2, 
2024/6/3, 40, 14, 30, , 
2024/6/4, 31, 14, 33, 1, 
2024/6/5, 19, 17, 35, 1, 
2024/6/6, 22, 12, 33, , 
2024/6/7, 15, 11, 35, 4, 
2024/6/8, 14, 9, 30, 1, 
2024/6/9, 16, 11, 30, , 
2024/6/10, 8, 11, 27, 2, 
2024/6/11, 10, 8, 28, 2, 
2024/6/12, 14, 10, 31, 1, 
2024/6/13, 13, 8, 29, 3, 
2024/6/14, 13, 9, 32, 3, 
2024/6/15, 9, 9, 32, , 
2024/6/16, 10, 13, 29, 3, 
2024/6/17, 18, 11, 37, 1, 
2024/6/18, 26, 9, 34, 2, 
2024/6/19, 15, 13, 31, , 
2024/6/20, 6, 14, 29, 1, 
2024/6/21, 12, 4, 26, 2, 
2024/6/22, 7, 9, 29, 2, 
2024/6/23, 14, 14, 30, 3, 
2024/6/24, 37, 19, 31, 2, 
2024/6/25, 12, 14, 33, 1, 
2024/6/26, 16, 14, 37, 2, 
2024/6/27, 15, 19, 37, 4, 
2024/6/28, 36, 13, 38, , 
2024/6/29, 20, 7, 28, , 
2024/6/30, 10, 19, 33, , 
2024/1/1, 37, 8, 28, 6, 1
2024/1/2, 27, 4, 26, 6, 
2024/1/3, 30, 5, 23, 5, 1
2024/1/4, 14, 8, 32, 5, 
2024/1/5, 27, 26, 17, 17, 
2024/1/6, 56, 71, 5, 34, 
2024/1/7, 94, 16, 24, 4, 
2024/1/8, 46, 3, 26, 2, 
2024/1/9, 24, 2, 29, 3, 
2024/1/10, 5, 2, 29, 1, 
2024/1/11, 7, 5, 25, 4, 
2024/1/12, 7, 8, 23, 4, 
2024/1/13, 14, 11, 23, 4, 
2024/1/14, 28, 17, 17, 11, 
2024/1/15, 49, 8, 24, 4, 
2024/1/16, 27, 11, 27, 9, 
2024/1/17, 26, 9, 29, 4, 
2024/1/18, 26, 10, 26, 2, 
2024/1/19, 19, 17, 12, 19, 
2024/1/20, 38, 14, 26, 6, 
2024/1/21, 33, 8, 26, 2, 
2024/1/22, 29, 11, 28, 3, 
2024/1/23, 23, 5, 25, 4, 
2024/1/24, 10, 1, 29, 1, 
2024/1/25, 6, 4, 29, 4, 
2024/1/26, 8, 5, 27, 2, 
2024/1/27, 12, 6, 25, 1, 
2024/1/28, 20, 9, 26, 2, 
2024/1/29, 15, 18, 12, 10, 
2024/1/30, 44, 15, 25, 6, 
2024/1/31, 54, 9, 33, 2, 
2024/2/1, 11, 11, 33, 2, 
2024/2/2, 11, 6, 35, 1, 
2024/2/3, 11, , , , 
2024/2/5, 10, 5, 25, 3, 
2024/2/6, 12, 8, 25, 3, 
2024/2/7, 16, 10, 20, 7, 
2024/2/8, 38, 15, 19, 11, 1
2024/2/9, 45, 12, 24, 8, 
2024/2/10, 32, 10, 24, 3, 
2024/2/11, 41, 13, 17, 8, 
2024/2/12, 54, 10, 24, 6, 
2024/2/13, 31, 9, 19, 7, 
2024/2/14, 22, 7, 19, 5, 
2024/2/15, 19, 4, 26, 2, 
2024/2/16, 14, 7, 33, 1, 
2024/2/17, 20, 5, 34, 4, 
2024/2/18, 10, 14, 23, 6, 
2024/2/19, 15, 22, 25, 5, 
2024/2/20, 13, 13, 21, 2, 
2024/2/21, 19, , , , 
2024/2/26, 23, 3, 12, 7, 
2024/2/27, 15, 8, 23, 6, 
2024/2/28, 23, 3, 24, 4, 
2024/2/29, 20, 6, 24, 3, 
2024/3/1, 12, 7, 22, 1, 
2024/3/2, 19, 14, 22, 2, 
2024/3/3, 38, 16, 27, 6, 
2024/3/4, 45, 7, 32, 2, 
2024/3/5, 29, 18, 23, 10, 
2024/3/6, 26, 9, 24, 5, 
2024/3/7, 25, 7, 30, 3, 
2024/3/8, 20, 5, 34, 2, 
2024/3/9, 15, 8, 33, 4, 
2024/3/10, 12, 28, 29, 11, 
2024/3/11, 30, 30, 31, 4, 
2024/3/12, 23, 27, 25, 6, 
2024/3/13, 39, 17, 22, 3, 
2024/3/14, 49, 7, 21, 3, 
2024/3/15, 29, 23, 20, 3, 
2024/3/16, 71, 10, 31, 1, 
2024/3/17, 17, 8, 29, 3, 
2024/3/18, 8, 14, 12, 10, 
2024/3/19, 36, 13, 24, 4, 
2024/3/20, 29, 12, 19, 4, 
2024/3/21, 39, 5, 21, 3, 
2024/3/22, 27, 10, 30, 1, 
2024/3/23, 15, 11, 23, 3, 
2024/3/24, 17, 18, 25, 5, 
2024/3/25, 17, 29, 21, 11, 
2024/3/26, 46, 22, 29, 3, 
2024/3/27, 33, 26, 33, 2, 
2024/3/28, 28, 12, 27, 1, 
2024/3/29, 19, 12, 32, 5, 
2024/3/30, 32, 23, 28, 6, 
2024/3/31, 43, 47, 28, 3, 
2023/10/1, 6, 8, 26, 5, 
2023/10/2, 7, 9, 23, 2, 
2023/10/3, 13, 4, 27, 1, 
2023/10/4, 12, 3, 23, 2, 
2023/10/5, 9, 4, 23, 2, 
2023/10/6, 7, 5, 25, , 
2023/10/7, 5, 7, 25, 2, 
2023/10/8, 9, 3, 24, 3, 
2023/10/9, 11, 9, 22, 8, 
2023/10/10, 13, 7, 28, 1, 
2023/10/11, 15, 8, 32, 1, 
2023/10/12, 12, 6, 30, 3, 
2023/10/13, 9, 7, 29, 1, 
2023/10/14, 14, 3, 27, , 
2023/10/15, 6, 4, 27, 1, 
2023/10/16, 7, 9, 26, 5, 
2023/10/17, 10, 7, 24, 2, 
2023/10/18, 13, 1, 24, 2, 
2023/10/19, 9, 2, 23, 4, 
2023/10/20, 12, 4, 20, 3, 
2023/10/21, 10, 2, 14, 3, 
2023/10/22, 9, 4, 8, 6, 
2023/10/23, 17, 6, 22, 4, 
2023/10/24, 15, 11, 18, 5, 
2023/10/25, 15, 8, 14, 6, 
2023/10/26, 18, 10, 11, 7, 
2023/10/27, 23, 8, 21, 4, 
2023/10/28, 26, 8, 19, 5, 
2023/10/29, 15, 11, 12, 8, 
2023/10/30, 20, 8, 10, 4, 
2023/10/31, 15, 2, 21, 2, 
2023/11/1, 6, 4, 22, 5, 
2023/11/2, 14, 9, 16, 4, 
2023/11/3, 14, 7, 21, 1, 
2023/11/4, 18, 7, 15, 3, 
2023/11/5, 15, 10, 10, 6, 
2023/11/6, 24, 9, 14, 3, 
2023/11/7, 23, 8, 13, 7, 
2023/11/8, 13, 18, 14, 6, 
2023/11/9, 11, 8, 16, 4, 
2023/11/10, 22, 12, 10, 3, 
2023/11/11, 41, 8, 15, 4, 
2023/11/12, 32, 3, 18, 2, 
2023/11/13, 10, 2, 21, 2, 
2023/11/14, 9, 2, 25, 1, 
2023/11/15, 10, 7, 26, 3, 
2023/11/16, 12, 20, 25, 8, 
2023/11/17, 17, 26, 15, 10, 
2023/11/18, 25, 11, 20, 4, 
2023/11/19, 19, 34, 12, 12, 
2023/11/20, 35, 16, 19, 7, 
2023/11/21, 29, 32, 25, 6, 
2023/11/22, 20, 14, 20, 12, 
2023/11/23, 14, 4, 25, 2, 
2023/11/24, 14, 2, 28, , 
2023/11/25, 13, 17, 21, 12, 
2023/11/26, 50, 14, 21, 5, 
2023/11/27, 42, 5, 19, 3, 
2023/11/28, 14, 7, 13, 6, 
2023/11/29, 24, 6, 18, 9, 
2023/11/30, 26, 5, 16, 5, 
2023/12/1, 35, 4, 14, 4, 
2023/12/2, 25, 6, 14, 5, 
2023/12/3, 34, 11, 11, 9, 
2023/12/4, 44, 16, 12, 12, 
2023/12/5, 46, 13, 10, 8, 
2023/12/6, 37, 8, 16, 5, 
2023/12/7, 30, 7, 14, 9, 
2023/12/8, 40, 11, 7, 12, 
2023/12/9, 47, 13, 7, 5, 
2023/12/10, 48, 12, 6, 6, 
2023/12/11, 47, 9, 4, 7, 
2023/12/12, 30, 11, 4, 8, 
2023/12/13, 34, 8, 4, 7, 
2023/12/14, 36, 9, 6, 7, 
2023/12/15, 48, 5, 22, 4, 
2023/12/16, 28, 5, 32, 1, 
2023/12/17, 13, 2, 24, 1, 
2023/12/18, 10, 2, 27, 1, 
2023/12/19, 9, 5, 29, 5, 
2023/12/20, 12, 5, 23, 5, 
2023/12/21, 13, 4, 23, 4, 
2023/12/22, 14, 9, 15, 10, 
2023/12/23, 17, 5, 21, 1, 
2023/12/24, 16, 3, 23, 2, 
2023/12/25, 13, 8, 21, 6, 
2023/12/26, 25, 4, 23, 1, 
2023/12/27, 14, 5, 31, 5, 
2023/12/28, 11, 4, 23, 7, 
2023/12/29, 12, 5, 23, 5, 
2023/12/30, 12, 2, 22, , 
2023/12/31, 13, 22, 24, 5, 
2023/7/1, 24, 9, 30, , 
2023/7/2, 18, 6, 29, , 
2023/7/3, 11, 9, 30, , 
2023/7/4, 11, 9, 27, , 
2023/7/5, 13, 13, 37, 3, 
2023/7/6, 29, 11, 27, 1, 
2023/7/7, 24, 8, 28, 1, 
2023/7/8, 17, 6, 14, 1, 
2023/7/9, 14, 6, 24, 2, 
2023/7/10, 10, 11, 29, 3, 
2023/7/11, 22, 9, 32, 3, 
2023/7/12, 18, 14, 31, 4, 
2023/7/13, 21, 9, 31, 1, 
2023/7/14, 18, 8, 31, , 
2023/7/15, 16, 11, 32, 1, 
2023/7/16, 13, 13, 31, 1, 
2023/7/17, 25, 10, 28, , 
2023/7/18, 15, 8, 25, , 
2023/7/19, 8, 8, 26, 1, 
2023/7/20, 9, 8, 24, 1, 
2023/7/21, 11, 6, 28, , 
2023/7/22, 12, 6, 31, , 
2023/7/23, 8, 6, 29, 1, 
2023/7/24, 8, 8, 28, 3, 
2023/7/25, 16, 8, 32, 1, 
2023/7/26, 14, 8, 29, 1, 
2023/7/27, 12, 8, 28, 2, 
2023/7/28, 12, 6, 28, , 
2023/7/29, 10, 7, 29, , 
2023/7/30, 12, 7, 28, 2, 
2023/7/31, 15, 7, 23, 2, 
2023/8/1, 14, 9, 25, 1, 
2023/8/2, 20, 10, 21, 2, 
2023/8/3, 20, 9, 24, 1, 
2023/8/4, 15, 8, 28, 1, 
2023/8/5, 19, 10, 35, 3, 
2023/8/6, 22, 29, 43, 1, 
2023/8/7, 49, 9, 43, 1, 
2023/8/8, 12, 11, 29, 1, 
2023/8/9, 12, 8, 26, 2, 
2023/8/10, 20, 8, 30, 1, 
2023/8/11, 13, 12, 32, 5, 
2023/8/12, 22, 10, 31, 1, 
2023/8/13, 20, 11, 32, 1, 
2023/8/14, 19, 12, 30, 3, 
2023/8/15, 18, 12, 31, 2, 
2023/8/16, 27, 10, 29, 2, 
2023/8/17, 22, 7, 19, 1, 
2023/8/18, 12, 6, 16, 4, 
2023/8/19, 16, 7, 22, , 
2023/8/20, 15, 10, 25, 3, 
2023/8/21, 17, 8, 23, 1, 
2023/8/22, 14, 6, 24, 1, 
2023/8/23, 9, 7, 24, 2, 
2023/8/24, 12, 8, 26, 3, 
2023/8/25, 14, 9, 27, 3, 
2023/8/26, 16, 9, 30, 1, 
2023/8/27, 24, 10, 30, 7, 
2023/8/28, 24, 4, 29, 1, 
2023/8/29, 8, 7, 14, 4, 
2023/8/30, 18, 7, 18, 2, 
2023/8/31, 18, 5, 30, 2, 
2023/9/1, 9, 6, 23, 2, 
2023/9/2, 15, 5, 22, 1, 
2023/9/3, 8, 8, 26, 2, 
2023/9/4, 13, 9, 28, 1, 
2023/9/5, 17, 7, 26, 1, 
2023/9/6, 10, 7, 25, 3, 
2023/9/7, 10, 11, 20, 2, 
2023/9/8, 12, 10, 16, 4, 
2023/9/9, 21, 12, 35, 1, 
2023/9/10, 28, 17, 25, 7, 
2023/9/11, 42, 24, 34, 4, 
2023/9/12, 53, 17, 28, 5, 
2023/9/13, 42, 5, 23, 1, 
2023/9/14, 11, 9, 25, 6, 
2023/9/15, 9, 9, 27, 1, 
2023/9/16, 7, 7, 23, , 
2023/9/17, 10, 7, 22, 5, 
2023/9/18, 12, 11, 29, 2, 
2023/9/19, 23, 6, 25, 1, 
2023/9/20, 18, 4, 26, 2, 
2023/9/21, 24, 19, 29, 2, 
2023/9/22, 31, 17, 27, 2, 
2023/9/23, 44, 7, 26, , 
2023/9/24, 17, 8, 26, 2, 
2023/9/25, 15, 9, 28, 2, 
2023/9/26, 19, 14, 20, 3, 
2023/9/27, 25, 17, 28, 3, 
2023/9/28, 50, 23, 29, 3, 
2023/9/29, 54, 13, 26, 1, 
2023/9/30, 32, 4, 29, , 
2023/4/1, 14, 5, 37, 1, 
2023/4/2, 13, 8, 32, 1, 
2023/4/3, 11, 7, 30, 2, 
2023/4/4, 12, 7, 28, 4, 
2023/4/5, 15, 12, 19, 6, 
2023/4/6, 33, 13, 28, 6, 
2023/4/7, 33, 14, 29, 7, 
2023/4/8, 30, 25, 32, 10, 
2023/4/9, 38, 19, 35, 10, 
2023/4/10, 36, 27, 35, 4, 
2023/4/11, 31, 20, 36, 5, 
2023/4/12, 32, 25, 31, 4, 
2023/4/13, 31, 31, 31, 3, 
2023/4/14, 20, 15, 30, 4, 
2023/4/15, 23, 15, 32, 4, 
2023/4/16, 31, 27, 44, 10, 
2023/4/17, 63, 35, 36, 13, 
2023/4/18, 49, 20, 38, 3, 
2023/4/19, 20, 22, 36, 9, 
2023/4/20, 27, 22, 31, 5, 
2023/4/21, 23, 14, 32, 2, 
2023/4/22, 16, 16, 37, 3, 
2023/4/23, 17, 25, 37, 3, 
2023/4/24, 34, 20, 38, 7, 
2023/4/25, 31, 17, 32, 4, 
2023/4/26, 25, 8, 35, 1, 
2023/4/27, 12, 9, 30, 2, 
2023/4/28, 12, 4, 32, , 
2023/4/29, 9, 7, 37, , 
2023/4/30, 13, 8, 35, 1, 
2023/5/1, 11, 11, 34, 1, 
2023/5/2, 17, 8, 32, 2, 
2023/5/3, 8, 10, 33, 1, 
2023/5/4, 7, 4, 33, 1, 
2023/5/5, 7, 8, 36, 3, 
2023/5/6, 9, 14, 37, 8, 
2023/5/7, 19, 18, 38, 6, 
2023/5/8, 18, 22, 41, 7, 
2023/5/9, 25, 22, 47, 8, 
2023/5/10, 37, 29, 45, 10, 
2023/5/11, 43, 37, 46, 10, 
2023/5/12, 47, 24, 49, 4, 
2023/5/13, 35, 18, 52, 3, 
2023/5/14, 32, 32, 38, 8, 
2023/5/15, 44, 23, 32, 2, 
2023/5/16, 30, 17, 33, 1, 
2023/5/17, 34, 8, 28, , 
2023/5/18, 8, 7, 32, 1, 
2023/5/19, 12, 9, 24, 7, 
2023/5/20, 16, 17, 12, 12, 
2023/5/21, 21, 20, 29, 11, 
2023/5/22, 29, 15, 34, 4, 
2023/5/23, 29, 23, 39, 9, 
2023/5/24, 48, 26, 34, 4, 
2023/5/25, 38, 22, 32, 1, 
2023/5/26, 12, 6, 29, , 
2023/5/27, 6, 16, 35, 1, 
2023/5/28, 8, 12, 29, 1, 
2023/5/29, 17, 9, 30, 1, 
2023/5/30, 9, 15, 32, 1, 
2023/5/31, 11, 20, 29, 1, 
2023/6/1, 7, 6, 25, , 
2023/6/2, 5, 5, 27, , 
2023/6/3, 7, 5, 25, 1, 
2023/6/4, 10, 7, 33, 1, 
2023/6/5, 8, 13, 39, 2, 
2023/6/6, 22, 8, 29, 1, 
2023/6/7, 16, 7, 32, 2, 
2023/6/8, 12, 6, 27, 2, 
2023/6/9, 10, 15, 28, 6, 
2023/6/10, 14, 6, 29, 2, 
2023/6/11, 13, 11, 31, 5, 
2023/6/12, 21, 18, 33, 7, 
2023/6/13, 26, 16, 40, 5, 
2023/6/14, 28, 19, 38, 9, 
2023/6/15, 40, 21, 39, 9, 1
2023/6/16, 46, 21, 42, 4, 
2023/6/17, 50, 23, 33, 1, 
2023/6/18, 46, 15, 34, 5, 
2023/6/19, 31, 14, 40, 6, 
2023/6/20, 32, 26, 35, 14, 
2023/6/21, 47, 24, 38, 7, 
2023/6/22, 51, 10, 33, , 
2023/6/23, 23, 8, 31, , 
2023/6/24, 17, 5, 33, , 
2023/6/25, 9, 10, 38, 4, 
2023/6/26, 32, 12, 32, 2, 
2023/6/27, 32, 12, 40, 4, 
2023/6/28, 33, 14, 42, 4, 
2023/6/29, 36, 16, 40, 3, 
2023/6/30, 38, 11, 31, , 
2023/1/2, 15, 3, 29, 4, 
2023/1/3, 13, 3, 26, 4, 
2023/1/4, 14, 6, 28, 5, 
2023/1/5, 15, 7, 28, 8, 
2023/1/6, 16, 7, 22, 3, 
2023/1/7, 20, 8, 21, 1, 
2023/1/8, 31, 12, 13, 3, 
2023/1/9, 47, 12, 15, 5, 
2023/1/10, 45, 5, 21, 3, 
2023/1/11, 17, 4, 18, 3, 
2023/1/12, 12, 3, 27, 5, 
2023/1/13, 11, 6, 28, 2, 
2023/1/14, 12, 3, 26, 1, 
2023/1/15, 8, 3, 28, 2, 
2023/1/16, 14, 5, 19, 3, 
2023/1/17, 17, 7, 14, 5, 
2023/1/18, 23, 4, 19, 4, 
2023/1/19, 20, 18, 15, 19, 
2023/1/20, 32, 19, 15, 15, 
2023/1/21, 45, 2, 21, 4, 
2023/1/22, 19, 5, 23, 4, 
2023/1/23, 19, 4, 25, 3, 
2023/1/24, 18, 2, 20, 2, 
2023/1/25, 11, 2, 28, 2, 
2023/1/26, 11, 7, 24, 11, 
2023/1/27, 22, 14, 23, 2, 
2023/1/28, 24, 4, 24, 1, 
2023/1/29, 14, 3, 27, 1, 
2023/1/30, 15, 3, 27, 2, 
2023/1/31, 10, 6, 21, 6, 
2023/2/1, 14, 4, 24, 2, 
2023/2/2, 13, 7, 24, 2, 
2023/2/3, 8, 4, 25, 1, 
2023/2/4, 10, 8, 24, 6, 
2023/2/5, 12, 6, 26, 5, 
2023/2/6, 15, 10, 26, 6, 
2023/2/7, 30, 6, 22, 2, 
2023/2/8, 18, 15, 25, 3, 
2023/2/9, 43, 10, 32, 1, 
2023/2/10, 22, 8, 31, 1, 
2023/2/11, 8, , 29, 1, 
2023/2/12, 13, 3, 32, 2, 
2023/2/13, 12, 17, 31, 5, 
2023/2/14, 17, 8, 20, 7, 
2023/2/15, 24, 4, 20, 3, 
2023/2/16, 19, 11, 20, 5, 
2023/2/17, 23, 4, 16, 3, 
2023/2/18, 10, 4, 28, 2, 
2023/2/19, 19, 9, 22, 6, 
2023/2/20, 30, 9, 31, 3, 
2023/2/21, 30, 17, 30, 10, 
2023/2/22, 60, 23, 27, 7, 
2023/2/23, 53, 10, 23, 5, 
2023/2/24, 41, 4, 32, , 
2023/2/25, 19, 3, 29, 1, 
2023/2/26, 16, 8, 30, 8, 
2023/2/27, 23, 4, 33, 3, 
2023/2/28, 11, 5, 32, 2, 
2023/3/1, 10, 5, 34, 1, 
2023/3/2, 12, 6, 32, 1, 
2023/3/3, 12, 1, 29, 1, 
2023/3/4, 9, 2, 27, 3, 
2023/3/5, 16, 6, 30, 6, 
2023/3/6, 25, 9, 28, 7, 
2023/3/7, 18, 4, 31, 2, 
2023/3/8, 13, 12, 31, 8, 
2023/3/9, 17, 25, 27, 7, 
2023/3/10, 27, 8, 28, 5, 
2023/3/11, 16, 4, 33, 1, 
2023/3/12, 10, 10, 36, 3, 
2023/3/13, 8, 8, 26, 2, 
2023/3/14, 19, 10, 32, 1, 
2023/3/15, 16, 13, 31, 7, 
2023/3/16, 21, 46, 30, 13, 
2023/3/17, 36, 22, 34, 1, 
2023/3/18, 15, 14, 26, 3, 
2023/3/19, 37, 23, 27, 5, 
2023/3/20, 59, 11, 32, 3, 
2023/3/21, 16, 6, 32, 2, 
2023/3/22, 17, 18, 33, 2, 
2023/3/23, 19, 10, 33, 2, 
2023/3/24, 18, 8, 32, 1, 
2023/3/25, 10, 6, 28, 1, 
2023/3/26, 12, 2, 28, 3, 
2023/3/27, 8, 8, 30, 2, 
2023/3/28, 10, 15, 33, 2, 
2023/3/29, 10, 19, 29, 5, 
2023/3/30, 23, 14, 35, 4, 
2023/3/31, 25, 8, 37, 1, 
2022/10/1, 13, 6, 18, 2, 
2022/10/2, 15, 5, 21, 2, 
2022/10/3, 17, 3, 30, 2, 
2022/10/4, 10, 9, 15, 7, 
2022/10/5, 16, 8, 25, 1, 
2022/10/6, 21, 10, 26, , 
2022/10/7, 17, 8, 28, 1, 
2022/10/8, 16, 4, 23, 1, 
2022/10/9, 8, 5, 22, 3, 
2022/10/10, 10, 7, 21, 2, 
2022/10/11, 13, 5, 23, 4, 
2022/10/12, 12, 12, 16, 8, 2
2022/10/13, 18, 9, 17, 4, 1
2022/10/14, 19, 18, 15, 2, 1
2022/10/15, 48, 15, 22, 1, 
2022/10/16, 50, 4, 28, , 
2022/10/17, 12, 4, 25, 3, 
2022/10/18, 8, 3, 25, 1, 
2022/10/19, 5, 4, 27, 3, 
2022/10/20, 10, 10, 21, 7, 
2022/10/21, 18, 16, 21, 5, 1
2022/10/22, 24, 11, 24, 3, 1
2022/10/23, 26, 11, 18, 9, 2
2022/10/24, 25, 5, 15, 3, 1
2022/10/25, 14, 4, 16, 3, 
2022/10/26, 11, 4, 17, 3, 
2022/10/27, 10, 9, 17, 1, 
2022/10/28, 22, 4, 29, 1, 
2022/10/29, 15, 2, 28, , 
2022/10/30, 7, 16, 21, 7, 1
2022/10/31, 19, 10, 21, 3, 
2022/11/1, 13, 9, 20, 5, 
2022/11/2, 10, 4, 14, 4, 
2022/11/3, 7, 6, 14, 4, 
2022/11/4, 10, 4, 13, 1, 
2022/11/5, 7, 4, 21, 1, 
2022/11/6, 12, 10, 19, 2, 
2022/11/7, 25, 4, 23, 1, 
2022/11/8, 13, 7, 15, 4, 
2022/11/9, 23, 11, 23, 3, 
2022/11/10, 25, 5, 21, 1, 
2022/11/11, 10, 5, 25, , 
2022/11/12, 8, 5, 24, 1, 
2022/11/13, 7, 21, 11, 10, 1
2022/11/14, 23, 4, 14, 1, 
2022/11/15, 9, 2, 15, 3, 
2022/11/16, 7, 2, 23, 4, 
2022/11/17, 34, 6, 26, 6, 
2022/11/18, 12, 5, 22, 3, 
2022/11/19, 13, 8, 14, 3, 
2022/11/20, 23, 7, 15, 4, 
2022/11/21, 24, 7, 13, 7, 
2022/11/22, 25, 5, 15, 9, 
2022/11/23, 18, 7, 8, 7, 
2022/11/24, 20, 9, 16, 4, 
2022/11/25, 35, 10, 14, 5, 
2022/11/26, 25, 6, 12, 4, 
2022/11/27, 20, 9, 4, 6, 1
2022/11/28, 29, 8, 5, 5, 1
2022/11/29, 28, 8, 5, 5, 1
2022/11/30, 26, 14, 8, 8, 1
2022/12/1, 42, 16, 10, 12, 2
2022/12/2, 49, 18, 12, 6, 1
2022/12/3, 43, 18, 12, 7, 2
2022/12/4, 55, 15, 10, 7, 3
2022/12/5, 48, 11, 10, 6, 1
2022/12/6, 34, 10, 10, 6, 2
2022/12/7, 30, 10, 21, 8, 
2022/12/8, 34, 15, 16, 20, 
2022/12/9, 24, 9, 20, 5, 
2022/12/10, 17, 5, 20, 4, 
2022/12/11, 20, 7, 20, 1, 
2022/12/12, 20, 8, 22, 8, 
2022/12/13, 31, 5, 23, 6, 
2022/12/14, 18, 11, 20, 7, 
2022/12/15, 33, 22, 12, 10, 
2022/12/16, 65, 26, 11, 10, 
2022/12/17, 71, 10, 24, 4, 
2022/12/18, 35, 6, 28, 5, 
2022/12/19, 22, 18, 20, 7, 
2022/12/20, 60, 5, 26, 5, 
2022/12/21, 21, 7, 25, 4, 
2022/12/22, 19, 3, 28, 5, 
2022/12/23, 17, 3, 26, 4, 
2022/12/24, 23, 6, 22, 4, 
2022/12/25, 21, 5, 23, 1, 
2022/12/26, 15, 6, 26, 3, 
2022/12/27, 15, 6, 24, 7, 
2022/12/28, 25, 5, 17, 3, 
2022/12/29, 19, 5, 19, 5, 1
2022/12/30, 17, 6, 24, 2, 
2022/12/31, 16, 8, 30, 2, 
2023/1/1, 24, 8, 30, 7, 
2022/7/1, 33, 16, 43, 1, 
2022/7/2, 31, 9, 34, , 
2022/7/3, 13, 11, 34, 3, 
2022/7/4, 16, 13, 31, 3, 
2022/7/5, 17, 11, 24, 1, 
2022/7/6, 8, 9, 29, 2, 
2022/7/7, 6, 7, 19, 6, 
2022/7/8, 11, 6, 24, 2, 
2022/7/9, 14, 5, 23, 3, 
2022/7/10, 14, 10, 33, 6, 
2022/7/11, 26, 7, 19, 3, 
2022/7/12, 23, 13, 23, 2, 
2022/7/13, 27, 7, 27, 1, 
2022/7/14, 11, 4, 23, 1, 
2022/7/15, 10, 2, 24, , 
2022/7/16, 4, 2, 18, , 
2022/7/17, 4, 4, 21, , 
2022/7/18, 5, 7, 29, 2, 
2022/7/19, 16, 7, 29, 1, 
2022/7/20, 8, 13, 29, 5, 
2022/7/21, 9, 20, 58, 3, 
2022/7/22, 9, 17, 39, 2, 
2022/7/23, 9, 6, 22, 1, 
2022/7/24, 9, 7, 28, 3, 
2022/7/25, 25, 12, 31, 1, 
2022/7/26, 23, 8, 23, 1, 
2022/7/27, 17, 4, 22, 1, 
2022/7/28, 8, 4, 22, 1, 
2022/7/29, 8, 3, 25, , 
2022/7/30, 6, 5, 31, 1, 
2022/7/31, 9, 12, 27, 6, 
2022/8/1, 14, 5, 33, 3, 
2022/8/2, 12, 9, 31, 2, 
2022/8/3, 15, 17, 42, 1, 
2022/8/4, 23, 23, 41, 1, 
2022/8/5, 35, 12, 27, , 
2022/8/6, 28, 4, 25, 1, 
2022/8/7, 7, 9, 24, 3, 
2022/8/8, 13, 12, 33, 7, 
2022/8/9, 20, 12, 28, 5, 
2022/8/10, 19, 11, 27, 1, 
2022/8/11, 11, 11, 33, 1, 
2022/8/12, 18, 9, 26, 2, 
2022/8/13, 25, 13, 31, 4, 1
2022/8/14, 34, 20, 31, 5, 
2022/8/15, 39, 23, 42, 2, 
2022/8/16, 46, 25, 32, 3, 
2022/8/17, 48, 29, 32, 4, 1
2022/8/18, 47, 31, 39, 3, 1
2022/8/19, 52, 27, 34, , 1
2022/8/20, 40, 38, 28, 1, 1
2022/8/21, 43, 26, 27, 1, 2
2022/8/22, 35, 14, 25, 5, 2
2022/8/23, 21, 29, 21, 3, 1
2022/8/24, 41, 6, 24, 1, 1
2022/8/25, 15, 11, 21, 6, 1
2022/8/26, 13, 14, 26, 3, 1
2022/8/27, 24, 24, 26, 6, 1
2022/8/28, 53, 11, 24, 2, 1
2022/8/29, 34, 4, 24, , 
2022/8/30, 9, 6, 22, 1, 1
2022/8/31, 11, 4, 20, 2, 1
2022/9/1, 10, 3, 21, 1, 
2022/9/2, 6, 3, 20, 2, 
2022/9/3, 9, 5, 23, 3, 
2022/9/4, 16, 2, 23, 1, 
2022/9/5, 9, 8, 23, 2, 
2022/9/6, 8, 3, 21, 2, 
2022/9/7, 15, 9, 23, 6, 
2022/9/8, 14, 8, 23, 3, 
2022/9/9, 9, 10, 23, 2, 
2022/9/10, 13, 11, 26, 3, 
2022/9/11, 20, 17, 25, 9, 
2022/9/12, 27, 7, 21, 2, 
2022/9/13, 9, 7, 15, 1, 
2022/9/14, 14, 4, 21, 3, 
2022/9/15, 10, 5, 18, 5, 
2022/9/16, 7, 3, 22, 4, 
2022/9/17, 13, 4, 23, 1, 
2022/9/18, 14, 4, 20, 3, 
2022/9/19, 17, 2, 15, 1, 
2022/9/20, 12, 3, 15, 1, 
2022/9/21, 9, 11, 22, 8, 1
2022/9/22, 22, 18, 15, 10, 1
2022/9/23, 25, 9, 19, 4, 
2022/9/24, 24, 3, 21, 3, 
2022/9/25, 14, 8, 23, 3, 
2022/9/26, 15, 11, 20, 3, 
2022/9/27, 10, 15, 18, 4, 
2022/9/28, 13, 4, 9, 7, 
2022/9/29, 13, 7, 12, 5, 1
2022/9/30, 11, 5, 18, 2, 
2022/4/1, 35, 9, 33, 4, 
2022/4/2, 24, 11, 33, 1, 
2022/4/3, 18, 8, 30, 2, 
2022/4/4, 10, 3, 34, 1, 
2022/4/5, 7, 6, 34, 2, 
2022/4/6, 6, 8, 29, 5, 
2022/4/7, 10, 7, 30, 2, 
2022/4/8, 13, 4, 35, 1, 
2022/4/9, 6, 5, 33, , 
2022/4/10, 9, 14, 34, 2, 
2022/4/11, 11, 24, 30, 5, 
2022/4/12, 18, 17, 31, 9, 
2022/4/13, 16, 31, 27, 13, 
2022/4/14, 25, 3, 31, 2, 
2022/4/15, 13, 5, 32, 3, 
2022/4/16, 15, 25, 34, 7, 
2022/4/17, 23, 22, 31, 8, 
2022/4/18, 17, 36, 28, 12, 
2022/4/19, 34, 26, 31, 5, 
2022/4/20, 18, 36, 31, 3, 
2022/4/21, 13, 15, 26, 5, 
2022/4/22, 22, 46, 34, 5, 
2022/4/23, 23, 20, 33, 1, 
2022/4/24, 9, 7, 32, 4, 
2022/4/25, 12, 14, 31, 3, 
2022/4/26, 11, 7, 34, 2, 
2022/4/27, 8, 10, 33, 1, 
2022/4/28, 8, 9, 33, 1, 
2022/4/29, 8, 8, 36, 2, 
2022/4/30, 5, 10, 36, , 
2022/5/1, 8, 26, 38, 2, 
2022/5/2, 8, 15, 33, 1, 
2022/5/3, 12, 7, 32, 1, 
2022/5/4, 4, 12, 36, 2, 
2022/5/5, 7, 20, 33, 4, 
2022/5/6, 25, 16, 31, 5, 
2022/5/7, 27, 4, 32, 1, 
2022/5/8, 6, 5, 34, 3, 
2022/5/9, 6, 13, 39, 1, 
2022/5/10, 9, 15, 35, 2, 
2022/5/11, 19, 10, 31, 1, 
2022/5/12, 19, 10, 29, 1, 
2022/5/13, 9, 10, 32, 1, 
2022/5/14, 14, 7, 27, , 
2022/5/15, 5, 7, 25, 1, 
2022/5/16, 4, 8, 22, 2, 
2022/5/17, 6, 10, 35, 3, 
2022/5/18, 12, 12, 31, 5, 
2022/5/19, 18, 17, 29, 4, 
2022/5/20, 13, 43, 31, 2, 
2022/5/21, 16, 9, 35, 1, 
2022/5/22, 11, 15, 39, 7, 
2022/5/23, 17, 25, 36, 10, 
2022/5/24, 26, 20, 36, 3, 
2022/5/25, 22, 12, 32, 5, 
2022/6/7, 44, 18, 33, 5, 
2022/6/8, 33, 14, 37, 2, 
2022/6/9, 33, 14, 36, 4, 
2022/6/10, 23, 14, 38, 4, 
2022/6/11, 19, 13, 34, 1, 
2022/6/12, 23, 13, 27, 1, 
2022/6/13, 12, 13, 28, 5, 
2022/6/14, 14, 21, 24, , 
2022/6/15, 8, 8, 25, 1, 
2022/6/16, 4, 8, 25, 2, 
2022/6/17, 5, 8, 33, 1, 
2022/6/18, 17, 9, 27, , 
2022/6/19, 13, 6, 20, 1, 
2022/6/20, 8, 6, 23, 5, 
2022/6/21, 26, 13, 26, 6, 
2022/6/22, 21, 9, 28, 3, 
2022/6/23, 19, 23, 27, 2, 
2022/6/24, 42, 14, 39, 4, 
2022/6/25, 40, 17, 34, 6, 
2022/6/26, 42, 25, 29, 10, 
2022/6/27, 46, 29, 31, 5, 1
2022/6/28, 50, 31, 29, 4, 
2022/6/29, 55, 30, 33, 5, 1
2022/6/30, 51, 20, 30, 2, 
2022/1/3, 12, 6, 18, 7, 
2022/1/4, 9, 6, 27, 9, 
2022/1/5, 33, 3, 30, 4, 
2022/1/6, 14, 4, 31, 1, 
2022/1/7, 8, 5, 20, 7, 
2022/1/8, 24, 18, 13, 7, 
2022/1/9, 52, 8, 25, 3, 
2022/1/10, 31, 12, 15, 17, 
2022/1/11, 21, 11, 21, 5, 
2022/1/12, 24, 6, 29, 1, 
2022/1/13, 9, 3, 31, 1, 
2022/1/14, 6, 2, 30, 1, 
2022/1/15, 8, 4, 28, 1, 
2022/1/16, 7, 2, 29, 2, 
2022/1/17, 8, 5, 27, 4, 
2022/1/18, 13, 7, 25, 2, 
2022/1/19, 16, 6, 26, 5, 
2022/1/20, 22, 2, 27, 1, 
2022/1/21, 10, 3, 26, 2, 
2022/1/22, 10, 7, 22, 3, 
2022/1/23, 18, 4, 26, 2, 
2022/1/24, 10, 6, 28, 4, 
2022/1/25, 11, 7, 23, 6, 
2022/1/26, 9, 4, 20, 5, 
2022/1/27, 7, 1, 29, 3, 
2022/1/28, 3, 4, 28, 2, 
2022/1/29, 9, 2, 25, 2, 
2022/1/30, 4, 2, 23, 3, 
2022/1/31, 15, 9, 14, 5, 
2022/2/1, 35, 14, 12, 13, 
2022/2/2, 41, 13, 14, 9, 
2022/2/3, 42, 10, 25, 3, 
2022/2/4, 25, 9, 27, 3, 
2022/2/5, 21, 4, 28, 2, 
2022/2/6, 10, 5, 29, 5, 
2022/2/7, 11, 5, 26, 5, 
2022/2/8, 11, 6, 28, 3, 
2022/2/9, 14, 6, 30, 1, 
2022/2/10, 12, 5, 30, 3, 
2022/2/11, 11, 4, 31, 1, 
2022/2/12, 9, 9, 30, 1, 
2022/2/13, 17, 11, 25, 4, 
2022/2/14, 32, 21, 27, 4, 
2022/2/15, 56, 13, 26, 3, 
2022/2/16, 35, 6, 21, 5, 
2022/2/17, 13, 2, 28, 1, 
2022/2/18, 9, 5, 26, 2, 
2022/2/19, 11, 4, 26, 2, 
2022/2/20, 9, 3, 26, 3, 
2022/2/21, 6, 2, 28, 5, 
2022/2/22, 9, 9, 25, 8, 
2022/2/23, 21, 8, 30, 1, 
2022/2/24, 13, 7, 30, 1, 
2022/2/25, 20, 4, 28, 1, 
2022/2/26, 12, 11, 26, 6, 
2022/2/27, 16, 9, 28, 2, 
2022/2/28, 14, 13, 32, 2, 
2022/3/1, 18, 14, 29, 3, 
2022/3/2, 39, 8, 26, 6, 
2022/3/3, 21, 7, 29, 6, 
2022/3/4, 19, 24, 29, 11, 
2022/3/5, 36, 8, 31, , 
2022/3/6, 19, 3, 28, 4, 
2022/3/7, 13, 6, 28, 5, 
2022/3/8, 9, 9, 29, 4, 
2022/3/9, 17, 22, 32, 2, 
2022/3/10, 18, 15, 33, 2, 
2022/3/11, 21, 19, 28, 8, 
2022/3/12, 50, 34, 28, 10, 
2022/3/13, 55, 26, 29, 9, 
2022/3/14, 40, 53, 26, 25, 
2022/3/15, 71, 46, 36, 13, 
2022/3/16, 47, 46, 37, 12, 
2022/3/17, 38, 41, 32, 4, 
2022/3/18, 36, 27, 16, 4, 
2022/3/19, 52, 21, 22, 3, 
2022/3/20, 21, 31, 31, 7, 
2022/3/21, 44, 37, 29, 7, 
2022/3/22, 66, 33, 26, 5, 
2022/3/23, 57, 23, 26, 5, 
2022/3/24, 42, 27, 22, 5, 
2022/3/25, 43, 17, 24, 2, 
2022/3/26, 19, 7, 22, 2, 
2022/3/27, 7, 11, 27, 1, 
2022/3/28, 10, 5, 36, 1, 
2022/3/29, 15, 19, 30, 2, 
2022/3/30, 11, 7, 33, 4, 
2022/3/31, 19, 26, 28, 14, 
2021/10/1, 33, 12, 23, 2, 
2021/10/2, 26, 17, 24, 1, 
2021/10/3, 32, 20, 26, 2, 
2021/10/30, 62, 26, 23, 3, 
2021/10/31, 65, 26, 21, 4, 
2021/11/1, 60, 22, 19, 4, 
2021/11/2, 57, 14, 22, 5, 
2021/11/3, 40, 7, 19, 5, 
2021/11/4, 13, 8, 22, 4, 
2021/11/5, 22, 3, 28, 1, 
2021/11/6, 8, 2, 30, 1, 
2021/11/7, 7, 1, 28, , 
2021/11/8, 5, 12, 22, 9, 
2021/11/9, 14, 4, 22, 2, 
2021/11/10, 7, 4, 24, 3, 
2021/11/11, 16, 4, 28, 2, 
2021/11/12, 10, 10, 26, 4, 
2021/11/13, 20, 11, 21, 7, 
2021/11/14, 33, 29, 15, 10, 
2021/11/15, 40, 8, 18, 4, 
2021/11/16, 46, 10, 15, 4, 
2021/11/17, 52, 4, 28, 2, 
2021/11/18, 26, 3, 22, 5, 
2021/11/19, 25, 3, 30, 1, 
2021/11/20, 11, 1, 28, 2, 
2021/11/21, 10, 8, 25, 5, 
2021/11/22, 28, 4, 25, 6, 
2021/11/23, 22, 1, 26, 5, 
2021/11/24, 17, 12, 27, 3, 
2021/11/25, 25, 2, 26, 2, 
2021/11/26, 17, 5, 24, 1, 
2021/11/27, 14, 3, 24, 2, 
2021/11/28, 14, 6, 21, 6, 
2021/11/29, 13, 2, 21, 2, 
2021/11/30, 13, 3, 27, 3, 
2021/12/1, 15, 8, 21, 10, 
2021/12/2, 28, 4, 24, 3, 
2021/12/3, 7, 6, 15, 7, 
2021/12/4, 19, 5, 17, 7, 
2021/12/5, 20, 9, 18, 14, 
2021/12/6, 36, 21, 7, 14, 
2021/12/7, 61, 16, 12, 12, 
2021/12/8, 43, 16, 16, 10, 
2021/12/9, 43, 5, 16, 4, 
2021/12/10, 15, 6, 11, 4, 
2021/12/11, 16, 24, 5, 9, 
2021/12/12, 24, 13, 13, 6, 
2021/12/13, 44, 8, 15, 4, 
2021/12/14, 19, 5, 23, 3, 
2021/12/15, 28, 4, 25, 2, 
2021/12/16, 11, 4, 24, 2, 
2021/12/17, 11, 4, 28, 3, 
2021/12/18, 13, 2, 29, 1, 
2021/12/19, 4, 4, 25, 2, 
2021/12/20, 15, 6, 26, 3, 
2021/12/21, 19, 8, 24, 5, 
2021/12/22, 27, 9, 23, 1, 
2021/12/23, 21, 3, 27, 3, 
2021/12/24, 14, 4, 25, 3, 
2021/12/25, 23, 3, 21, 3, 
2021/12/26, 14, 15, 19, 12, 
2021/12/27, 43, 14, 24, 8, 
2021/12/28, 30, 8, 22, 4, 
2021/12/29, 23, 20, 10, 7, 
2021/12/30, 54, 9, 16, 6, 
2021/12/31, 32, 28, 26, 5, 
2022/1/1, 61, 3, 26, 5, 
2022/1/2, 14, 7, 23, 5, 
2021/7/1, 30, 11, 24, 2, 
2021/7/2, 20, 9, 26, 3, 
2021/7/3, 19, 11, 34, 3, 
2021/7/4, 24, 18, 30, 3, 
2021/7/5, 34, 21, 28, 2, 
2021/7/6, 34, 23, 30, 2, 
2021/7/7, 47, 22, 31, 4, 1
2021/7/8, 40, 13, 24, 4, 
2021/7/9, 21, 19, 42, 2, 
2021/7/10, 40, 14, 30, 1, 
2021/7/11, 33, 11, 29, 3, 
2021/7/12, 20, 15, 29, 5, 
2021/7/13, 29, 16, 33, 5, 
2021/7/14, 41, 22, 41, 4, 
2021/7/15, 44, 17, 37, 2, 
2021/7/16, 50, 8, 29, 4, 1
2021/7/17, 18, 14, 28, , 
2021/7/18, 28, 10, 21, 1, 
2021/7/19, 16, 12, 24, 1, 
2021/7/20, 9, 9, 21, 1, 
2021/7/21, 8, 14, 26, 1, 
2021/7/22, 12, 10, 21, 1, 
2021/7/23, 10, 6, 24, 3, 
2021/7/24, 7, 9, 25, 1, 
2021/7/25, 16, 20, 30, 9, 
2021/7/26, 36, 20, 38, 3, 
2021/7/27, 28, 17, 43, 2, 
2021/7/28, 38, 12, 40, 1, 
2021/7/29, 29, 13, 32, 1, 
2021/7/30, 10, 4, 33, , 
2021/7/31, 11, 10, 31, , 
2021/8/1, 14, 11, 30, 1, 
2021/8/2, 13, 8, 25, 1, 
2021/8/3, 7, 8, 26, 2, 
2021/8/4, 8, 9, 27, 5, 
2021/8/5, 9, 14, 31, 6, 
2021/8/6, 18, 11, 26, 3, 
2021/8/7, 15, 8, 31, 1, 
2021/8/8, 13, 8, 28, 2, 
2021/8/9, 18, 9, 30, 1, 
2021/8/10, 21, 26, 24, 6, 
2021/8/11, 16, , 34, 6, 
2021/8/12, 37, , 34, 2, 
2021/8/13, 14, , 30, , 
2021/8/14, 16, 26, 23, , 
2021/8/15, 8, 19, 25, 2, 
2021/8/16, 11, 11, 30, 3, 
2021/8/17, 15, 8, 24, 1, 
2021/8/18, 12, 5, 25, 1, 
2021/8/19, 5, 5, 29, 1, 
2021/8/20, 5, 7, 28, 1, 
2021/8/21, 10, 3, 25, , 
2021/8/22, 5, 7, 29, 1, 
2021/8/23, 7, 6, 23, 3, 
2021/8/24, 28, 8, 19, 2, 
2021/8/25, 11, 6, 21, 3, 
2021/8/26, 15, 10, 15, 2, 
2021/8/27, 24, 17, 20, 2, 
2021/8/28, 43, 10, 24, 1, 
2021/8/29, 22, 9, 21, 2, 
2021/8/30, 20, 9, 21, 3, 
2021/8/31, 21, 11, 24, 2, 
2021/9/1, 15, 7, 28, 1, 
2021/9/2, 7, 7, 29, , 
2021/9/3, 7, 2, 25, 1, 
2021/9/4, 9, 3, 26, 3, 
2021/9/5, 5, 9, 24, 2, 
2021/9/6, 9, 10, 30, 2, 
2021/9/7, 16, 14, 27, 1, 
2021/9/8, 21, 11, 26, 2, 
2021/9/9, 19, 8, 23, 2, 
2021/9/10, 17, 12, 17, 3, 
2021/9/11, 27, 14, 26, 4, 
2021/9/12, 46, 7, 28, 1, 
2021/9/13, 18, 6, 29, 1, 
2021/9/14, 31, 5, 25, 1, 
2021/9/15, 9, 10, 22, 5, 
2021/9/16, 26, 13, 22, 4, 
2021/9/17, 15, 7, 23, 4, 
2021/9/18, 12, 12, 22, 2, 
2021/9/19, 11, 11, 24, 2, 
2021/9/20, 11, 6, 18, 3, 
2021/9/21, 17, 7, 15, 6, 
2021/9/22, 17, 19, 24, 4, 
2021/9/23, 20, 4, 14, 2, 
2021/9/24, 10, 3, 21, 1, 
2021/9/25, 8, 3, 19, 2, 
2021/9/26, 14, 17, 16, 7, 
2021/9/27, 23, 15, 16, 5, 
2021/9/28, 17, 16, 11, 3, 
2021/9/29, 27, 16, 18, 3, 
2021/9/30, 15, 16, 15, 4, 
2021/4/1, 19, 7, 31, 2, 
2021/4/2, 8, 9, 31, 7, 
2021/4/3, 15, 13, 35, , 
2021/4/4, 16, 10, 31, 1, 
2021/4/5, 14, 10, 29, , 
2021/4/6, 10, 14, 29, 1, 
2021/4/7, 15, 21, 32, 3, 
2021/4/8, 17, 10, 32, 2, 
2021/4/9, 19, 12, 34, , 
2021/4/10, 22, 11, 29, 3, 
2021/4/11, 18, 28, 36, 3, 
2021/4/12, 39, 24, 33, 3, 
2021/4/13, 22, 17, 30, 3, 
2021/4/14, 15, 23, 32, 3, 
2021/4/15, 15, 33, 32, 2, 
2021/4/16, 16, 10, 34, 1, 
2021/4/17, 15, 9, 32, 2, 
2021/4/18, 19, 14, 30, 4, 
2021/4/19, 26, 18, 28, 5, 
2021/4/20, 30, 24, 35, 3, 
2021/4/21, 42, 27, 36, 4, 
2021/4/22, 30, 10, 24, 2, 
2021/4/23, 9, 2, 24, , 
2021/4/24, 4, 2, 26, 2, 
2021/4/25, 7, 5, 21, 7, 
2021/4/26, 7, 7, 24, 4, 
2021/4/27, 17, 17, 34, 3, 
2021/4/28, 10, 16, 33, 7, 
2021/4/29, 11, 6, 34, 5, 
2021/4/30, 18, 10, 35, 1, 
2021/5/1, 10, 10, 23, 2, 
2021/5/2, 9, 12, 35, 2, 
2021/5/3, 16, 16, 26, 6, 
2021/5/4, 11, 15, 23, 3, 
2021/5/5, 12, 6, 23, 7, 
2021/5/6, 16, 5, 26, 6, 
2021/5/7, 11, 7, 32, 1, 
2021/5/8, 7, 8, 36, 1, 
2021/5/9, 14, 13, 47, 2, 
2021/5/10, 20, 26, 43, 2, 
2021/5/11, 27, 23, 47, 2, 
2021/5/12, 30, 36, 40, 5, 
2021/5/13, 50, 16, 31, 4, 
2021/5/14, 19, 12, 25, 2, 
2021/5/15, 35, 8, 30, 2, 
2021/5/16, 24, 14, 31, 3, 
2021/5/17, 29, 6, 27, 8, 
2021/5/18, 21, 9, 32, 4, 
2021/5/19, 15, 15, 31, 3, 
2021/5/20, 14, 10, 31, 2, 
2021/5/21, 18, 9, 36, 2, 
2021/5/22, 15, 5, 34, 7, 
2021/5/23, 23, 24, 35, 3, 
2021/5/24, 18, 12, 24, 3, 
2021/5/25, 20, 7, 32, 4, 
2021/5/26, 20, 8, 24, 2, 
2021/5/27, 15, 10, 25, 4, 
2021/5/28, 16, 7, 30, 1, 
2021/5/29, 12, 11, 30, 5, 
2021/5/30, 22, 20, 33, 7, 
2021/5/31, 21, 13, 32, 4, 
2021/6/1, 24, 11, 33, 8, 
2021/6/2, 28, 18, 31, 6, 
2021/6/3, 30, 15, 28, 10, 
2021/6/4, 29, 19, 35, 10, 
2021/6/5, 29, 21, 33, 4, 
2021/6/6, 27, 25, 36, 6, 
2021/6/7, 34, 26, 25, 7, 
2021/6/8, 33, 15, 32, 5, 
2021/6/9, 24, 14, 36, 5, 
2021/6/10, 22, 25, 32, 9, 
2021/6/11, 37, 21, 33, 3, 
2021/6/12, 29, 7, 22, , 
2021/6/13, 17, 9, 26, 1, 
2021/6/14, 10, 10, 31, , 
2021/6/15, 15, 11, 27, 2, 
2021/6/16, 14, 13, 27, 3, 
2021/6/17, 18, 22, 50, 3, 
2021/6/18, 30, 23, 50, 1, 
2021/6/19, 40, 23, 54, 2, 
2021/6/20, 48, 30, 39, 2, 
2021/6/21, 49, 50, 33, 4, 
2021/6/22, 67, 38, 40, 4, 
2021/6/23, 54, 16, 30, , 
2021/6/24, 38, 9, 31, 3, 
2021/6/25, 38, 13, 27, 1, 
2021/6/26, 40, 9, 27, , 
2021/6/27, 18, 11, 30, 2, 
2021/6/28, 15, 10, 29, 2, 
2021/6/29, 13, 15, 30, 2, 
2021/6/30, 29, 15, 41, 1, 
2021/1/4, 36, 7, 14, 11, 
2021/1/5, 32, 6, 15, 9, 
2021/1/6, 27, 8, 14, 7, 
2021/1/7, 42, 7, 13, 8, 
2021/1/8, 40, 6, 25, 6, 
2021/1/9, 37, 6, 20, 3, 
2021/1/10, 48, 10, 21, 4, 
2021/1/11, 43, 7, 19, 2, 
2021/1/12, 39, 10, 17, 6, 
2021/1/13, 48, 9, 19, 6, 
2021/1/14, 58, 11, 26, 1, 1
2021/1/15, 45, 10, 22, 9, 
2021/1/16, 75, 17, 16, 10, 
2021/1/17, 91, 10, 17, 8, 
2021/1/18, 44, 11, 21, 5, 
2021/1/19, 53, 12, 24, 4, 
2021/1/20, 54, 13, 22, 5, 
2021/1/21, 63, 20, 21, 7, 
2021/1/22, 78, 13, 21, 3, 
2021/1/23, 53, 12, 18, 5, 
2021/1/24, 58, 8, 18, 5, 
2021/1/25, 29, 5, 17, 7, 
2021/1/26, 39, 10, 15, 12, 
2021/1/27, 50, 3, 16, 3, 
2021/1/28, 39, 3, 12, 3, 
2021/1/29, 39, 3, 18, 6, 
2021/1/30, 26, 3, 17, 3, 
2021/1/31, 44, 5, 20, 5, 
2021/2/1, 38, 7, 23, 8, 
2021/2/2, 48, 7, 21, 9, 
2021/2/3, 52, 4, 21, 6, 
2021/2/4, 27, 7, 31, 3, 
2021/2/5, 42, 5, 33, 3, 
2021/2/6, 29, 7, 31, 5, 
2021/2/7, 61, 2, 31, 5, 
2021/2/8, 34, 9, 18, 14, 1
2021/2/9, 55, 13, 24, 16, 
2021/2/10, 66, 8, 26, 8, 
2021/2/11, 52, 6, 28, 7, 
2021/2/12, 48, 5, 28, 8, 
2021/2/13, 31, 3, 29, 4, 
2021/2/14, 21, 3, 31, 6, 
2021/2/15, 18, 3, 31, 3, 
2021/2/16, 16, 9, 25, 8, 
2021/2/17, 22, 16, 20, 13, 
2021/2/18, 49, 15, 23, 8, 
2021/2/19, 52, 23, 25, 6, 
2021/2/20, 62, 8, 26, 6, 
2021/2/21, 44, 26, 16, 6, 
2021/2/22, 78, 20, 17, 8, 
2021/2/23, 70, 11, 20, 4, 
2021/2/24, 45, 10, 24, 4, 1
2021/2/25, 37, 8, 28, 2, 
2021/2/26, 34, 3, 29, 2, 
2021/2/27, 25, 3, 30, 3, 
2021/2/28, 26, 7, 29, 3, 
2021/3/1, 30, 11, 29, 3, 
2021/3/2, 20, 12, 29, 3, 
2021/3/3, 23, 11, 30, 4, 
2021/3/4, 15, 9, 29, 6, 
2021/3/5, 9, 6, 31, 2, 
2021/3/6, 13, 4, 35, 1, 
2021/3/7, 12, 6, 32, 3, 
2021/3/8, 19, 15, 27, 9, 
2021/3/9, 23, 11, 31, 7, 
2021/3/10, 29, 10, 35, 2, 
2021/3/11, 35, 14, 31, 5, 
2021/3/12, 51, 6, 26, 2, 
2021/3/13, 27, 7, 22, 4, 
2021/3/14, 31, 4, 23, 2, 
2021/3/15, 25, 10, 27, 3, 
2021/3/16, 19, 7, 21, 6, 
2021/3/17, 25, 7, 27, 5, 
2021/3/18, 18, 12, 26, 3, 
2021/3/19, 23, 21, 27, 1, 
2021/3/20, 21, 2, 35, , 
2021/3/21, 9, 10, 34, 2, 
2021/3/22, 13, 14, 26, 6, 
2021/3/23, 20, 10, 28, 1, 
2021/3/24, 16, 17, 30, 3, 
2021/3/25, 30, 29, 29, 6, 
2021/3/26, 38, 28, 30, 3, 
2021/3/27, 44, 17, 33, 1, 
2021/3/28, 35, 14, 31, 2, 
2021/3/29, 22, 4, 20, 2, 
2021/3/30, 14, 8, 30, 3, 
2021/3/31, 12, 12, 30, 2, 
2020/12/15, 52, 18, 9, 6, 
2020/12/16, 31, 8, 16, 4, 
2020/12/17, 11, 5, 19, 8, 
2020/12/18, 15, 6, 19, 5, 
2020/12/19, 10, 5, 14, 5, 
2020/12/20, 28, 8, 19, 2, 
2020/12/21, 28, 8, 14, 3, 
2020/12/22, 31, 6, 10, 3, 
2020/12/23, 32, 6, 22, 5, 
2020/12/24, 51, 4, 21, 5, 
2020/12/25, 20, 4, 19, 1, 
2020/12/26, 22, 3, 18, 4, 
2020/12/27, 19, 5, 21, 1, 
2020/12/28, 22, 5, 19, 2, 
2020/12/29, 20, 4, 16, 3, 
2020/12/30, 22, 4, 14, 4, 
2020/12/31, 34, 9, 10, 6, 
2021/1/1, 55, 15, 14, 4, 
2021/1/2, 25, 4, 16, 3, 
2021/1/3, 13, 2, 14, 2, 
2019/7/1, 22, 10, 29, 1, 
2019/7/2, 15, 7, 24, 1, 
2019/7/3, 6, 7, 24, 1, 
2019/7/4, 4, 5, 22, 2, 
2019/7/5, 7, 5, 27, 1, 
2019/7/6, 9, 6, 25, 4, 
2019/7/7, 16, 7, 31, 3, 
2019/7/8, 21, 5, 18, 1, 
2019/7/9, 10, 8, 19, 2, 
2019/7/10, 13, 8, 21, 3, 
2019/7/11, 17, 10, 26, 5, 
2019/7/12, 11, 8, 30, 2, 
2019/7/13, 12, 7, 21, 4, 
2019/7/14, 14, 9, 24, 4, 
2019/7/15, 11, 9, 28, 3, 
2019/7/16, 11, 8, 30, 3, 
2019/7/17, 20, 11, 31, 7, 
2019/7/18, 25, 10, 27, 3, 
2019/7/19, 17, 9, 28, 4, 
2019/7/20, 17, 9, 29, 3, 
2019/7/21, 20, 14, 24, 8, 
2019/7/22, 34, 13, 37, 5, 
2019/7/23, 30, 14, 31, 4, 
2019/7/24, 26, 13, 25, 3, 
2019/7/25, 18, 12, 39, 5, 
2019/7/26, 26, 17, 35, 4, 
2019/7/27, 50, 23, 43, 7, 
2019/7/28, 51, 11, 25, 3, 
2019/7/29, 23, 8, 23, 3, 
2019/7/30, 8, 9, 23, 2, 
2019/7/31, 8, 11, 25, 4, 
2019/8/1, 18, 11, 26, 3, 
2019/8/2, 20, 5, 24, 1, 
2019/8/3, 10, 4, 25, 2, 
2019/8/4, 8, 9, 26, 2, 
2019/8/5, 12, 8, 30, 4, 
2019/8/6, 17, 7, 27, 6, 
2019/8/7, 18, 13, 23, 8, 1
2019/8/8, 22, 11, 32, 5, 1
2019/8/9, 22, 12, 27, 8, 
2019/8/10, 22, 10, 24, 3, 1
2019/8/11, 23, 13, 27, 3, 
2019/8/12, 20, 10, 31, 2, 
2019/8/13, 21, 10, 29, 2, 
2019/8/14, 15, 7, 26, 2, 
2019/8/15, 6, 12, 33, 4, 
2019/8/16, 13, 14, 38, 2, 
2019/8/17, 26, 12, 28, 1, 
2019/8/18, 21, 11, 30, 2, 
2019/8/19, 18, 9, 30, 1, 
2019/8/20, 14, 15, 28, 5, 
2019/8/21, 21, 10, 27, 2, 
2019/8/22, 13, 11, 33, 2, 
2019/8/23, 20, 6, 25, 2, 
2019/8/24, 9, 9, 27, 5, 
2019/8/25, 11, 12, 29, 3, 
2019/8/26, 16, 17, 34, 6, 
2019/8/27, 32, 21, 34, 6, 
2019/8/28, 42, 20, 30, 2, 
2019/8/29, 27, 21, 31, 4, 
2019/8/30, 34, 10, 28, 2, 
2019/8/31, 12, 16, 30, 5, 
2019/9/1, 26, 14, 26, 2, 
2019/9/2, 27, 8, 26, 3, 
2019/9/3, 8, 10, 26, 4, 
2019/9/4, 12, 12, 34, 3, 
2019/9/5, 15, 8, 26, 2, 
2019/9/6, 13, 7, 26, 3, 
2019/9/7, 9, 10, 18, 4, 
2019/9/8, 17, 12, 29, 3, 
2019/9/9, 25, 28, 33, 5, 
2019/9/10, 46, 19, 27, 3, 
2019/9/11, 24, 13, 27, 2, 
2019/9/12, 15, 8, 20, 2, 
2019/9/13, 9, 6, 27, , 
2019/9/14, 6, 50, 25, 1, 
2019/9/15, 8, 66, 24, 2, 
2019/9/16, 6, 48, 23, 4, 
2019/9/17, 7, 6, 17, 1, 
2019/9/18, 7, 10, 20, 6, 
2019/9/19, 7, 6, 20, 6, 
2019/9/20, 6, 5, 19, 1, 
2019/9/21, 5, 2, 23, , 1
2019/9/22, 6, 5, 22, 2, 1
2019/9/23, 5, 12, 22, 6, 1
2019/9/24, 7, 10, 22, 7, 
2019/9/25, 11, 28, 14, 13, 
2019/9/26, 26, 30, 20, 12, 
2019/9/27, 28, 15, 22, 5, 
2019/9/28, 30, 12, 22, 3, 
2019/9/29, 23, 14, 18, 5, 
2019/9/30, 18, 65, 25, 2, 
2019/4/1, 8, 13, 34, 5, 
2019/4/2, 9, 22, 35, 4, 
2019/4/3, 23, 26, 41, 6, 
2019/4/4, 37, 43, 43, 12, 
2019/4/5, 54, 20, 41, 4, 
2019/4/6, 36, 29, 50, 3, 
2019/4/7, 58, 14, 38, 6, 
2019/4/8, 36, 6, 29, 5, 
2019/4/9, 17, 4, 27, 3, 
2019/4/10, 12, 8, 33, 3, 
2019/4/11, 12, 18, 33, 9, 
2019/4/12, 22, 6, 38, 2, 
2019/4/13, 10, 5, 38, 4, 
2019/4/14, 13, 10, 39, 8, 
2019/4/15, 20, 22, 38, 10, 
2019/4/16, 21, 19, 38, 8, 
2019/4/17, 35, 38, 35, 20, 1
2019/4/18, 41, 31, 41, 13, 
2019/4/19, 31, 15, 42, 6, 
2019/4/20, 29, 18, 41, 5, 
2019/4/21, 38, 34, 41, 10, 
2019/4/22, 43, 44, 46, 14, 
2019/4/23, 56, 47, 61, 13, 
2019/4/24, 66, 45, 52, 8, 
2019/4/25, 65, 35, 44, 11, 
2019/4/26, 62, 22, 45, 7, 
2019/4/27, 54, 21, 35, 1, 
2019/4/28, 21, 11, 34, 5, 
2019/4/29, 21, 23, 33, 9, 
2019/4/30, 24, 23, 45, 4, 
2019/5/1, 31, 10, 36, 4, 
2019/5/2, 21, 7, 30, 2, 
2019/5/3, 6, 6, 32, 4, 
2019/5/4, 12, 5, 33, 2, 
2019/5/5, 11, 10, 35, 8, 
2019/5/6, 18, 15, 34, 5, 
2019/5/7, 20, 11, 29, 4, 
2019/5/8, 13, 18, 36, 6, 
2019/5/9, 22, 15, 26, 9, 1
2019/5/10, 25, 8, 17, 5, 
2019/5/11, 31, 8, 37, 3, 
2019/5/12, 24, 8, 24, 8, 
2019/5/13, 16, 7, 31, 5, 
2019/5/14, 9, 7, 32, 5, 
2019/5/15, 11, 11, 35, 13, 
2019/5/16, 16, 15, 41, 8, 
2019/5/17, 24, 21, 40, 6, 1
2019/5/18, 28, 17, 38, 2, 1
2019/5/19, 27, 25, 32, 8, 
2019/5/20, 33, 30, 38, 16, 
2019/5/21, 54, 27, 38, 11, 
2019/5/22, 61, 26, 28, 5, 
2019/5/23, 42, 15, 18, 6, 
2019/5/24, 25, 10, 33, 2, 
2019/5/25, 26, 6, 29, 1, 
2019/5/26, 10, 7, 27, 3, 
2019/5/27, 10, 8, 28, 3, 
2019/5/28, 17, 9, 34, 4, 
2019/5/29, 16, 11, 32, 3, 
2019/5/30, 7, 10, 34, 2, 
2019/5/31, 12, 9, 33, 1, 
2019/6/1, 14, 7, 29, 1, 
2019/6/2, 14, 9, 31, 5, 
2019/6/3, 11, 17, 38, 5, 
2019/6/4, 24, 23, 43, 7, 
2019/6/5, 43, 30, 38, 9, 
2019/6/6, 49, 29, 36, 7, 
2019/6/7, 48, 21, 40, 2, 
2019/6/8, 48, 13, 39, 1, 
2019/6/9, 25, 16, 39, 2, 
2019/6/10, 20, 15, 35, 4, 
2019/6/11, 22, 22, 29, 1, 
2019/6/12, 16, 17, 27, 4, 
2019/6/13, 23, 15, 27, 3, 
2019/6/14, 33, 11, 38, 1, 
2019/6/15, 22, 13, 45, 3, 
2019/6/16, 22, 15, 42, 4, 
2019/6/17, 18, 14, 33, 2, 
2019/6/18, 18, 14, 32, 3, 
2019/6/19, 20, 19, 41, 8, 
2019/6/20, 26, 17, 45, 2, 
2019/6/21, 30, 9, 33, , 
2019/6/22, 14, 7, 32, 1, 
2019/6/23, 12, 13, 31, 2, 
2019/6/24, 35, 10, 28, 4, 
2019/6/25, 12, 12, 25, 7, 
2019/6/26, 15, 9, 24, 4, 
2019/6/27, 16, 7, 28, 2, 
2019/6/28, 8, 7, 28, 1, 
2019/6/29, 6, 5, 32, 2, 
2019/6/30, 7, 13, 41, 1, 
2019/1/2, 7, 4, 30, 4, 
2019/1/3, 9, 9, 24, 9, 
2019/1/4, 16, 2, 26, 1, 
2019/1/5, 12, 3, 29, 3, 
2019/1/6, 12, 4, 27, 4, 
2019/1/7, 13, 6, 17, 6, 
2019/1/8, 22, 13, 21, 9, 
2019/1/9, 51, 5, 29, 7, 
2019/1/10, 12, 5, 34, 2, 
2019/1/11, 7, 4, 30, 2, 
2019/1/12, 7, 6, 22, 8, 
2019/1/13, 13, 5, 29, 6, 
2019/1/14, 16, 3, 27, 4, 
2019/1/15, 9, 7, 28, 10, 
2019/1/16, 17, 4, 26, 6, 
2019/1/17, 14, 3, 26, 5, 
2019/1/18, 7, 6, 26, 5, 
2019/1/19, 18, 3, 31, 1, 
2019/1/20, 13, 7, 27, 7, 1
2019/1/21, 26, 30, 7, 26, 
2019/1/22, 59, 20, 16, 7, 
2019/1/23, 59, 9, 23, 8, 
2019/1/24, 29, 10, 20, 8, 
2019/1/25, 40, 18, 16, 14, 
2019/1/26, 61, 24, 12, 17, 
2019/1/27, 69, 11, 22, 6, 
2019/1/28, 38, 16, 20, 8, 
2019/1/29, 50, 19, 16, 9, 
2019/1/30, 46, 10, 17, 12, 
2019/1/31, 26, 19, 16, 9, 3
2019/2/1, 49, 14, 11, 8, 
2019/2/2, 35, 5, 14, 4, 
2019/2/3, 17, 4, 23, 2, 
2019/2/4, 10, 8, 24, 4, 
2019/2/5, 19, 11, 21, 8, 
2019/2/6, 33, 8, 22, 6, 
2019/2/7, 22, 16, 23, 6, 
2019/2/8, 53, 11, 27, 4, 
2019/2/9, 31, 10, 26, 4, 
2019/2/10, 26, 11, 23, 12, 
2019/2/11, 33, 6, 31, 5, 
2019/2/12, 18, 5, 29, 7, 
2019/2/13, 8, 7, 32, 5, 
2019/2/14, 10, 8, 25, 3, 
2019/2/15, 16, 8, 29, 3, 
2019/2/16, 28, 7, 32, 4, 
2019/2/17, 16, 10, 27, 8, 
2019/2/18, 22, 14, 24, 5, 
2019/2/19, 48, 6, 32, 2, 
2019/2/20, 18, 5, 31, 2, 
2019/2/21, 6, 13, 30, 5, 
2019/2/22, 9, 8, 30, 1, 
2019/2/23, 9, 7, 25, 2, 
2019/2/24, 17, 10, 33, 5, 
2019/2/25, 13, 4, 32, 8, 
2019/2/26, 7, 8, 26, 7, 
2019/2/27, 13, 5, 30, 3, 
2019/2/28, 6, 8, 34, 3, 
2019/3/1, 5, 11, 34, 2, 
2019/3/2, 9, 5, 34, 3, 
2019/3/3, 8, 8, 28, 8, 
2019/3/4, 16, 6, 30, 3, 
2019/3/5, 16, 8, 31, 10, 
2019/3/6, 13, 8, 27, 6, 
2019/3/7, 22, 8, 25, 5, 
2019/3/8, 23, 5, 36, 2, 
2019/3/9, 7, 5, 34, 2, 
2019/3/10, 8, 5, 32, 3, 
2019/3/11, 8, 6, 30, 2, 
2019/3/12, 11, 9, 31, 5, 
2019/3/13, 15, 9, 27, 4, 
2019/3/14, 27, 6, 25, 6, 
2019/3/15, 21, 9, 23, 4, 
2019/3/16, 34, 5, 27, 2, 
2019/3/17, 12, 7, 33, 3, 
2019/3/18, 11, 6, 26, 5, 
2019/3/19, 4, 9, 31, 2, 
2019/3/20, 10, 10, 28, 5, 
2019/3/21, 10, 20, 35, 4, 
2019/3/22, 14, 18, 32, 3, 
2019/3/23, 18, 10, 37, 1, 
2019/3/24, 12, 14, 32, 3, 
2019/3/25, 11, 7, 35, 5, 
2019/3/26, 6, 15, 32, 5, 
2019/3/27, 7, 21, 36, 3, 
2019/3/28, 10, 26, 35, 2, 
2019/3/29, 16, 21, 33, 2, 
2019/3/30, 27, 7, 34, 2, 
2018/10/1, 12, 8, 20, 7, 
2018/10/2, 12, 6, 20, 4, 
2018/10/3, 9, 3, 20, 4, 
2018/10/4, 6, 6, 19, 4, 
2018/10/5, 9, 6, 23, 3, 
2018/10/6, 5, 6, 22, 7, 
2018/10/7, 10, 7, 22, 8, 
2018/10/8, 7, 5, 24, 3, 
2018/10/9, 9, 10, 22, 3, 
2018/10/10, 16, 16, 13, 10, 
2018/10/11, 16, 19, 15, 6, 
2018/10/12, 30, 29, 26, 3, 
2018/10/13, 64, 38, 31, 3, 
2018/10/14, 83, 30, 24, 4, 
2018/10/15, 66, 35, 24, 8, 
2018/10/16, 64, 34, 21, 9, 
2018/10/17, 72, 33, 24, 5, 
2018/10/18, 72, 7, 24, 5, 
2018/10/19, 11, 16, 15, 12, 
2018/10/20, 14, 16, 23, 4, 
2018/10/21, 27, 6, 23, 2, 
2018/10/22, 12, 6, 20, 5, 
2018/10/23, 6, 4, 19, 2, 
2018/10/24, 5, 6, 17, 10, 
2018/10/25, 12, 5, 18, 5, 
2018/10/26, 5, 4, 18, 7, 
2018/10/27, 12, 3, 21, , 
2018/10/28, 9, 5, 17, 7, 
2018/10/29, 13, 8, 16, 3, 
2018/10/30, 14, 8, 11, 4, 
2018/10/31, 24, 15, 13, 7, 
2018/11/1, 17, 16, 11, 4, 
2018/11/2, 41, 13, 15, 2, 
2018/11/3, 32, 11, 17, 5, 
2018/11/4, 9, 14, 12, 6, 
2018/11/5, 15, 10, 7, 6, 
2018/11/6, 28, 25, 9, 5, 
2018/11/7, 69, 5, 6, 4, 
2018/11/8, 20, 7, 5, 5, 
2018/11/9, 8, 10, 6, 3, 
2018/11/10, 21, 11, 11, 1, 
2018/11/11, 27, 17, 9, 3, 
2018/11/12, 39, 9, 7, 5, 
2018/11/13, 25, 7, 14, 6, 
2018/11/14, 16, 17, 15, 7, 
2018/11/15, 8, 14, 15, 2, 
2018/11/16, 14, 12, 15, 1, 
2018/11/17, 27, 4, 18, , 
2018/11/18, 8, 7, 18, 10, 
2018/11/19, 11, 23, 25, 6, 
2018/11/20, 19, 7, 28, 3, 
2018/11/21, 11, 12, 27, 5, 
2018/11/22, 8, 17, 26, 5, 
2018/11/23, 11, 6, 30, 2, 
2018/11/25, 13, 13, 29, 12, 
2018/11/26, 23, 3, 28, 2, 
2018/11/27, 9, 17, 24, 8, 
2018/11/28, 14, 12, 19, 5, 
2018/11/29, 23, 15, 22, 2, 
2018/11/30, 23, , , , 
2018/12/1, 25, , , , 
2018/12/2, 38, 23, 10, 7, 
2018/12/3, 65, 10, 15, 6, 
2018/12/4, 36, 4, 32, 2, 
2018/12/5, 7, 5, 26, 6, 
2018/12/6, 6, 7, 20, 4, 
2018/12/7, 21, 6, 17, 3, 
2018/12/8, 36, 8, 24, 2, 
2018/12/10, 32, 7, 18, 4, 
2018/12/11, 22, 5, 25, 1, 
2018/12/12, 20, 7, 20, 3, 
2018/12/13, 24, 11, 18, 12, 
2018/12/14, 22, 12, 22, 4, 
2018/12/15, 26, 7, 21, 3, 
2018/12/16, 20, 8, 21, 6, 
2018/12/17, 28, 14, 14, 9, 
2018/12/18, 50, 16, 11, 9, 
2018/12/19, 59, 16, 13, 7, 
2018/12/20, 61, 16, 12, 8, 
2018/12/21, 54, 13, 13, 9, 
2018/12/22, 46, 14, 7, 9, 1
2018/12/23, 56, 8, 10, 5, 
2018/12/24, 40, 7, 23, 2, 
2018/12/25, 15, 3, 35, 1, 
2018/12/26, 5, 7, 23, 13, 
2018/12/27, 12, 3, 23, 5, 
2018/12/28, 6, 3, 25, 3, 
2018/12/29, 10, 8, 22, 7, 
2018/12/30, 12, , , , 
2018/7/1, 8, 7, 23, , 
2018/7/2, 14, 4, 12, 3, 
2018/7/3, 14, 12, 24, 5, 
2018/7/4, 28, 13, 23, 3, 
2018/7/5, 20, 12, 20, 3, 
2018/7/6, 29, 13, 24, 3, 
2018/7/8, 30, 10, 22, 3, 
2018/7/9, 21, 20, 20, 4, 
2018/7/10, 21, 10, 25, 3, 
2018/7/11, 28, 14, 29, 4, 
2018/7/12, 36, 19, 28, 8, 
2018/7/13, 50, 12, 42, 8, 
2018/7/14, 43, 24, 34, 13, 
2018/7/15, 56, 19, 32, 11, 
2018/7/16, 49, 28, 33, 5, 
2018/7/17, 54, 28, 25, 4, 
2018/7/18, 48, 18, 23, 4, 
2018/7/19, 38, 18, 16, 7, 
2018/7/20, 55, 16, 37, 4, 
2018/7/21, 49, 13, 37, 1, 
2018/7/22, 39, 13, 43, 6, 
2018/7/23, 31, 21, 31, 10, 
2018/7/24, 43, 22, 35, 6, 
2018/7/25, 51, 22, 33, 5, 
2018/7/26, 46, 27, 36, 8, 
2018/7/27, 50, 28, 32, 4, 
2018/7/28, 57, 24, 30, 3, 
2018/7/29, 51, 25, 27, 4, 
2018/7/30, 55, 27, 27, 7, 
2018/7/31, 56, 32, 31, 11, 
2018/8/1, 56, 34, 31, 20, 
2018/8/2, 64, 27, 33, 7, 
2018/8/3, 45, 9, 29, 2, 
2018/8/4, 15, 7, 31, 1, 
2018/8/5, 10, 16, 28, 1, 
2018/8/6, 5, 10, 26, 2, 
2018/8/7, 5, 11, 31, 6, 
2018/8/8, 12, 23, 46, 3, 
2018/8/9, 26, 31, 41, 3, 
2018/8/10, 41, 13, 34, 1, 
2018/8/11, 24, 9, 32, 2, 
2018/8/12, 15, 6, 28, 2, 
2018/8/13, 7, 12, 26, 6, 
2018/8/14, 9, 11, 28, 6, 
2018/8/15, 15, 13, 28, 9, 
2018/8/16, 16, 14, 32, 5, 
2018/8/17, 21, 11, 36, 1, 
2018/8/18, 22, 8, 24, 1, 
2018/8/19, 17, 8, 19, 3, 
2018/8/20, 11, 7, 26, 1, 
2018/8/21, 5, 9, 26, 3, 
2018/8/22, 5, 12, 33, 2, 
2018/8/23, 11, 24, 37, 5, 
2018/8/24, 32, 14, 34, 2, 
2018/8/25, 32, 9, 26, 2, 
2018/8/26, 18, 8, 25, 5, 
2018/8/27, 11, 17, 23, 7, 
2018/8/28, 12, 16, 29, 6, 
2018/8/29, 25, 7, 23, 4, 
2018/8/30, 17, 14, 25, 7, 
2018/8/31, 19, 13, 26, 5, 
2018/9/1, 34, 11, 31, 2, 
2018/9/2, 23, 19, 30, 10, 
2018/9/3, 43, 18, 29, 4, 
2018/9/4, 51, 19, 26, 6, 
2018/9/5, 54, 19, 27, 7, 
2018/9/6, 55, 33, 26, 8, 
2018/9/7, 50, 42, 32, 7, 
2018/9/8, 51, 35, 30, 9, 
2018/9/9, 56, 21, 23, 9, 
2018/9/10, 38, 19, 26, 7, 
2018/9/11, 35, 9, 27, 1, 
2018/9/12, 13, 8, 25, 2, 
2018/9/13, 7, 8, 25, 3, 
2018/9/14, 8, 9, 28, 2, 
2018/9/15, 13, 5, 26, 2, 
2018/9/16, 10, 5, 24, 3, 
2018/9/17, 8, 8, 23, 4, 
2018/9/18, 8, 17, 38, 3, 
2018/9/19, 34, 16, 30, 2, 
2018/9/20, 23, 17, 33, 3, 
2018/9/21, 26, 16, 44, 1, 
2018/9/22, 29, 5, 23, 2, 
2018/9/23, 7, 7, 35, 6, 1
2018/9/24, 6, 6, 29, 2, 
2018/9/25, 4, 6, 27, 2, 
2018/9/26, 8, 10, 26, 1, 
2018/9/27, 4, 4, 25, 3, 
2018/9/28, 4, 6, 27, 5, 
2018/9/29, 8, 5, 25, 1, 
2018/9/30, 10, 9, 23, 6, 
2018/5/15, 55, 35, 40, 15, 
2018/5/16, 61, 34, 40, 9, 
2018/5/17, 52, 23, 42, 9, 
2018/5/18, 35, 20, 30, 9, 
2018/5/19, 15, 12, 32, 3, 
2018/5/20, 14, 12, 34, 5, 
2018/5/21, 24, 23, 34, 11, 
2018/5/22, 41, 29, 31, 10, 
2018/5/23, 36, 29, 39, 5, 
2018/5/24, 25, 20, 30, 4, 
2018/5/25, 27, 23, 30, 5, 
2018/5/26, 32, 19, 31, 4, 
2018/5/27, 31, 20, 35, 4, 
2018/5/28, 23, 21, 32, 6, 
2018/5/29, 25, 31, 38, 4, 
2018/5/30, 25, 28, 38, 4, 
2018/5/31, 11, 15, 33, 3, 
2018/6/1, 17, 23, 33, 5, 
2018/6/2, 30, 17, 43, 1, 
2018/6/3, 15, 13, 37, 1, 
2018/6/4, 16, 21, 36, 3, 
2018/6/5, 6, 18, 28, 1, 
2018/6/6, 6, 18, 25, 1, 
2018/6/7, 8, 16, 29, 1, 
2018/6/8, 12, 9, 33, 1, 
2018/6/9, 9, 9, 30, 2, 
2018/6/10, 18, 11, 33, 6, 
2018/6/11, 26, 21, 40, 4, 
2018/6/12, 37, 13, 39, 3, 
2018/6/13, 15, 10, 29, 4, 
2018/6/14, 16, 11, 31, 5, 
2018/6/15, 26, 20, 37, 5, 
2018/6/16, 38, 16, 35, 4, 
2018/6/17, 35, 14, 35, 1, 
2018/6/18, 30, 25, 34, 2, 
2018/6/19, 23, 17, 34, 1, 
2018/6/20, 17, 18, 29, 1, 
2018/6/21, 20, 10, 23, 4, 
2018/6/22, 9, 12, 30, , 
2018/6/23, 7, 14, 26, 1, 
2018/6/24, 63, 17, 21, 5, 
2018/6/25, 21, 10, 22, 3, 
2018/6/26, 15, 11, 29, 6, 
2018/6/27, 16, 14, 30, 4, 
2018/6/28, 23, 14, 36, 3, 
2018/6/29, 12, 9, 34, 2, 
2018/6/30, 6, 5, 21, 2, 
2017/5/25, 19, 12, 29, 6, 
2017/5/26, 11, 10, 28, 4, 
2017/5/27, 26, 8, 25, 5, 
2017/5/28, 21, 11, 38, 1, 
2017/5/29, 32, 15, 37, 3, 
2017/5/30, 17, 8, 22, 4, 
2017/5/31, 19, 8, 24, 6, 
2024/12/31, , 22, 23, 2, 
2024/8/12, , 4, 22, 3, 
2024/2/4, , 5, 29, 3, 
2024/2/25, , 7, 9, 7, 
2022/5/26, , 7, 32, 1, 
2022/5/27, , 5, 34, 1, 
2022/5/28, , 1, 24, , 
2022/5/29, , 4, 24, 5, 
2022/5/30, , 6, 25, 3, 
2022/5/31, , 7, 32, 2, 
2022/6/1, , 8, 34, 2, 
2022/6/2, , 7, 28, 1, 
2022/6/3, , 8, 31, , 
2022/6/4, , 9, 33, 1, 
2022/6/5, , 6, 30, 5, 
2022/6/6, , 16, 31, 7, 
2021/10/4, , 19, 27, 3, 
2021/10/5, , 21, 30, 2, 
2021/10/6, , 23, 27, 2, 
2021/10/7, , 25, 26, 3, 
2021/10/8, , 25, 24, 2, 
2021/10/9, , 17, 30, 1, 
2021/10/10, , 17, 30, 2, 
2021/10/11, , 16, 24, 5, 
2021/10/12, , 14, 15, 7, 
2021/10/13, , 12, 21, 8, 
2021/10/14, , 5, 29, 2, 
2021/10/15, , 2, 28, , 
2021/10/16, , 7, 30, 1, 
2021/10/17, , 5, 28, 1, 
2021/10/18, , 4, 25, 3, 
2021/10/19, , 5, 20, 3, 
2021/10/20, , 5, 28, 2, 
2021/10/21, , 4, 29, , 
2021/10/22, , 2, 20, 1, 
2021/10/23, , 4, 24, 3, 
2021/10/24, , 10, 27, 2, 
2021/10/25, , 14, 23, 3, 
2021/10/26, , 7, 22, 3, 
2021/10/27, , 7, 21, 5, 
2021/10/28, , 10, 22, 2, 
2021/10/29, , 25, 26, 3, 
2020/10/1, , 26, 21, 4, 
2020/10/2, , 60, 24, 2, 
2020/10/3, , 44, 20, 1, 
2020/10/4, , 34, 20, 1, 
2020/10/5, , 18, 29, 4, 
2020/10/6, , 20, 19, 3, 
2020/10/7, , 13, 17, 4, 
2020/10/8, , 13, 21, 3, 
2020/10/9, , 13, 18, 3, 
2020/10/10, , 7, 20, 2, 
2020/10/11, , 8, 21, 5, 
2020/10/12, , 20, 23, 8, 
2020/10/13, , 7, 19, 6, 
2020/10/14, , 6, 21, 3, 
2020/10/15, , 3, 20, 2, 
2020/10/16, , 2, 25, 5, 
2020/10/17, , 4, 25, 3, 
2020/10/18, , 2, 24, 1, 
2020/10/19, , 8, 23, 2, 
2020/10/20, , 10, 18, 7, 
2020/10/21, , 8, 14, 3, 
2020/10/22, , 8, 14, 4, 
2020/10/23, , 2, 21, 2, 
2020/10/24, , 4, 15, 4, 
2020/10/25, , 2, 17, 3, 
2020/10/26, , 9, 16, 3, 
2020/10/27, , 16, 11, 4, 
2020/10/28, , 7, 26, 3, 
2020/10/29, , 13, 15, 6, 
2020/10/30, , 22, 11, 10, 
2020/10/31, , 15, 13, 6, 
2020/11/1, , 11, 11, 2, 
2020/11/2, , 10, 19, 1, 
2020/11/3, , 4, 25, 2, 
2020/11/4, , 6, 25, 3, 
2020/11/5, , 6, 24, 1, 
2020/11/6, , 10, 27, 2, 
2020/11/7, , 5, 26, 2, 
2020/11/8, , 4, 29, 1, 
2020/11/9, , 5, 24, 3, 
2020/11/10, , 25, 25, 13, 
2020/11/11, , 28, 19, 7, 
2020/11/12, , 25, 19, 4, 
2020/11/13, , 20, 12, 3, 
2020/11/14, , 16, 10, 2, 
2020/11/15, , 16, 9, 2, 
2020/11/16, , 19, 9, 2, 
2020/11/17, , 6, 10, 3, 
2020/11/18, , 2, 20, 2, 
2020/11/19, , 4, 27, 1, 
2020/11/20, , 2, 29, 2, 
2020/11/21, , 4, 27, 2, 
2020/11/22, , 5, 24, 1, 
2020/11/23, , 7, 30, 2, 
2020/11/24, , 14, 28, 8, 
2020/11/25, , 10, 21, 8, 
2020/11/26, , 6, 24, 5, 
2020/11/27, , 1, 20, 1, 
2020/11/28, , 2, 18, 4, 
2020/11/29, , 10, 8, 5, 
2020/11/30, , 10, 3, 6, 
2020/12/1, , 3, 14, 5, 
2020/12/2, , 21, 13, 5, 
2020/12/3, , 18, 15, 3, 
2020/12/4, , 12, 13, 3, 
2020/12/5, , 12, 11, 2, 
2020/12/6, , 14, 18, 2, 
2020/12/7, , 18, 22, 2, 
2020/12/8, , 20, 21, 3, 
2020/12/9, , 29, 21, 7, 
2020/12/10, , 35, 12, 10, 
2020/12/11, , 26, 14, 8, 
2020/12/12, , 11, 17, 3, 
2020/12/13, , 11, 24, 4, 
2020/12/14, , 21, 12, 9, 
2020/7/1, , 6, 19, 4, 
2020/7/2, , 7, 28, 2, 
2020/7/3, , 14, 28, 1, 
2020/7/4, , 9, 25, 1, 
2020/7/5, , 6, 28, 2, 
2020/7/6, , 12, 24, 2, 
2020/7/7, , 8, 22, 2, 
2020/7/8, , 10, 21, 2, 
2020/7/9, , 11, 24, 4, 
2020/7/10, , 13, 27, 2, 
2020/7/11, , 7, 27, , 
2020/7/12, , 4, 26, 3, 
2020/7/13, , 12, 24, 1, 
2020/7/14, , 12, 21, 7, 
2020/7/15, , 10, 27, 6, 
2020/7/16, , 14, 37, 4, 
2020/7/17, , 23, 40, 1, 
2020/7/18, , 20, 37, 2, 
2020/7/19, , 22, 25, 10, 
2020/7/20, , 34, 31, 2, 
2020/7/21, , 27, 20, , 
2020/7/22, , 25, 21, , 
2020/7/23, , 13, 22, 1, 
2020/7/24, , 11, 28, , 
2020/7/25, , 3, 23, 1, 
2020/7/26, , 4, 20, 3, 
2020/7/27, , 17, 19, 7, 
2020/7/28, , 11, 22, 4, 
2020/7/29, , 14, 23, 1, 
2020/7/30, , 13, 21, 2, 
2020/7/31, , 8, 24, 1, 
2020/8/1, , 6, 23, , 
2020/8/2, , 8, 25, 1, 
2020/8/3, , 8, 16, 4, 
2020/8/4, , 15, 26, 2, 
2020/8/5, , 15, 26, 2, 
2020/8/6, , 19, 35, 3, 
2020/8/7, , 22, 39, 4, 
2020/8/8, , 20, 36, 6, 
2020/8/9, , 20, 23, 2, 
2020/8/10, , 9, 21, 1, 
2020/8/11, , 6, 21, , 
2020/8/12, , 4, 16, 3, 
2020/8/13, , 8, 25, 2, 
2020/8/14, , 12, 41, 2, 
2020/8/15, , 13, 36, 1, 
2020/8/16, , 13, 22, 1, 
2020/8/17, , 10, 24, 5, 
2020/8/18, , 12, 28, 5, 
2020/8/19, , 25, 26, 3, 
2020/8/20, , 12, 31, 4, 
2020/8/21, , 24, 24, , 
2020/8/22, , 18, 26, 1, 
2020/8/23, , 10, 26, 1, 
2020/8/24, , 7, 22, 2, 
2020/8/25, , 7, 26, 5, 
2020/8/26, , 13, 21, 5, 
2020/8/27, , 10, 21, 3, 
2020/8/28, , 17, 22, 5, 
2020/8/29, , 13, 21, 1, 
2020/8/30, , 5, 16, 2, 
2020/8/31, , 5, 20, 2, 
2020/9/1, , 6, 13, 5, 
2020/9/2, , 29, 16, 3, 
2020/9/3, , 22, 30, 2, 
2020/9/4, , 38, 25, 1, 
2020/9/5, , 9, 22, 1, 
2020/9/6, , 5, 19, 4, 
2020/9/7, , 8, 22, 3, 
2020/9/8, , 6, 19, 3, 
2020/9/9, , 6, 22, , 
2020/9/10, , 9, 21, 5, 
2020/9/11, , 13, 33, 1, 
2020/9/12, , 8, 28, , 
2020/9/13, , 8, 20, 2, 
2020/9/14, , 8, 13, 9, 
2020/9/15, , 8, 33, 2, 
2020/9/16, , 14, 22, , 
2020/9/17, , 7, 24, 2, 
2020/9/18, , 6, 21, 1, 
2020/9/19, , 6, 23, 1, 
2020/9/20, , 6, 21, 2, 
2020/9/21, , 7, 22, 3, 
2020/9/22, , 8, 31, 5, 
2020/9/23, , 26, 31, 5, 
2020/9/24, , 32, 26, 6, 
2020/9/25, , 34, 30, 2, 
2020/9/26, , 36, 22, 5, 
2020/9/27, , 31, 18, 4, 
2020/9/28, , 39, 9, 4, 
2020/9/29, , 26, 14, 4, 
2020/9/30, , 19, 15, 7, 
2020/4/1, , 11, 34, 1, 
2020/4/2, , 10, 35, 1, 
2020/4/3, , 5, 30, , 
2020/4/4, , 4, 27, 2, 
2020/4/5, , 5, 33, 5, 
2020/4/6, , 19, 41, 3, 
2020/4/7, , 30, 31, 2, 
2020/4/8, , 16, 31, 2, 
2020/4/9, , 14, 30, 1, 
2020/4/10, , 5, 29, 1, 
2020/4/11, , 5, 34, 1, 
2020/4/12, , 6, 31, 1, 
2020/4/13, , 8, 30, 1, 
2020/4/14, , 3, 30, 2, 
2020/4/15, , 4, 29, 2, 
2020/4/16, , 4, 28, 1, 
2020/4/17, , 10, 30, , 
2020/4/18, , 5, 30, 1, 
2020/4/19, , 4, 27, 5, 
2020/4/20, , 11, 33, 5, 
2020/4/21, , 10, 37, 10, 
2020/4/22, , 19, 35, 4, 
2020/4/23, , 19, 32, 5, 
2020/4/24, , 17, 35, 1, 
2020/4/25, , 10, 35, 1, 
2020/4/26, , 6, 29, 1, 
2020/4/27, , 3, 31, 5, 
2020/4/28, , 14, 27, 2, 
2020/4/29, , 3, 29, 5, 
2020/4/30, , 8, 32, 1, 
2020/5/1, , 10, 32, 3, 
2020/5/2, , 9, 31, 2, 
2020/5/3, , 7, 27, 4, 
2020/5/4, , 8, 30, 6, 
2020/5/5, , 8, 32, 5, 
2020/5/6, , 14, 31, 1, 
2020/5/7, , 14, 34, 2, 
2020/5/8, , 9, 31, 1, 
2020/5/9, , 10, 37, 4, 
2020/5/10, , 13, 34, 1, 
2020/5/11, , 13, 27, 1, 
2020/5/12, , 6, 31, 3, 
2020/5/13, , 6, 30, 1, 
2020/5/14, , 8, 31, 1, 
2020/5/15, , 7, 32, 1, 
2020/5/16, , 5, 21, 2, 
2020/5/17, , 4, 27, 1, 
2020/5/18, , 7, 28, 2, 
2020/5/19, , 7, 28, 1, 
2020/5/20, , 5, 28, 2, 
2020/5/21, , 8, 29, 4, 
2020/5/22, , 7, 33, 7, 
2020/5/23, , 17, 28, 4, 
2020/5/24, , 10, 35, 6, 
2020/5/25, , 11, 36, 5, 
2020/5/26, , 21, 33, 3, 
2020/5/27, , 18, 26, 2, 
2020/5/28, , 10, 27, 2, 
2020/5/29, , 8, 27, 2, 
2020/5/30, , 8, 27, 1, 
2020/5/31, , 8, 24, 6, 
2020/6/1, , 16, 29, 2, 
2020/6/2, , 16, 35, 3, 
2020/6/3, , 26, 20, 4, 
2020/6/4, , 13, 23, 6, 
2020/6/5, , 17, 33, , 
2020/6/6, , 13, 34, , 
2020/6/7, , 10, 17, 6, 
2020/6/8, , 10, 22, 6, 
2020/6/9, , 7, 21, 5, 
2020/6/10, , 12, 20, 4, 
2020/6/11, , 12, 24, 2, 
2020/6/12, , 30, 30, 3, 
2020/6/13, , 11, 32, 2, 
2020/6/14, , 9, 30, 4, 
2020/6/15, , 20, 23, 4, 
2020/6/16, , 22, 31, 6, 
2020/6/17, , 17, 28, 6, 
2020/6/18, , 13, 32, 7, 
2020/6/19, , 13, 25, 1, 
2020/6/20, , 13, 24, 1, 
2020/6/21, , 9, 27, 3, 
2020/6/22, , 8, 31, 5, 
2020/6/23, , 8, 37, 6, 
2020/6/24, , 33, 35, 3, 
2020/6/25, , 14, 35, 6, 
2020/6/26, , 19, 40, 5, 
2020/6/27, , 20, 32, 3, 
2020/6/28, , 18, 19, 5, 
2020/6/29, , 16, 29, 2, 
2020/6/30, , 12, 25, 2, 
2020/1/1, , 8, 25, 1, 
2020/1/2, , 12, 27, 1, 
2020/1/3, , 12, 30, 1, 
2020/1/4, , 4, 25, 5, 
2020/1/5, , 19, 24, 5, 
2020/1/6, , 6, 23, 3, 
2020/1/7, , 2, 29, 2, 
2020/1/8, , 4, 29, 3, 
2020/1/9, , 9, 17, 13, 
2020/1/10, , 6, 24, 9, 
2020/1/11, , 6, 28, 1, 
2020/1/12, , 2, 25, 3, 
2020/1/13, , 4, 26, 3, 
2020/1/14, , 6, 23, 3, 
2020/1/15, , 4, 31, 2, 
2020/1/16, , 4, 25, 3, 
2020/1/17, , 13, 24, 3, 
2020/1/18, , 12, 27, 1, 
2020/1/19, , 4, 29, 2, 
2020/1/20, , 4, 33, 1, 
2020/1/21, , 8, 32, 1, 
2020/1/22, , 7, 29, 4, 
2020/1/23, , 11, 22, 5, 
2020/1/24, , 6, 31, 1, 
2020/1/25, , 8, 25, 2, 
2020/1/26, , 3, 16, 9, 
2020/1/27, , 6, 19, 3, 
2020/1/28, , 5, 16, 5, 
2020/1/29, , 9, 12, 4, 
2020/1/30, , 7, 13, 5, 
2020/1/31, , 4, 17, 3, 
2020/2/1, , 4, 26, 1, 
2020/2/2, , 1, 30, 2, 
2020/2/3, , 8, 29, 3, 
2020/2/4, , 7, 28, 4, 
2020/2/5, , 11, 29, 2, 
2020/2/6, , 13, 28, 6, 
2020/2/7, , 24, 24, 3, 
2020/2/8, , 4, 25, , 
2020/2/9, , 13, 30, 3, 
2020/2/10, , 9, 30, 3, 
2020/2/11, , 4, 27, 4, 
2020/2/12, , 6, 25, 4, 
2020/2/13, , 5, 20, 9, 
2020/2/14, , 9, 23, 4, 
2020/2/15, , 10, 22, 2, 
2020/2/16, , 11, 33, , 
2020/2/17, , 10, 29, , 
2020/2/18, , 14, 29, 1, 
2020/2/19, , 11, 24, 6, 
2020/2/20, , 22, 26, 2, 
2020/2/21, , 12, 34, 1, 
2020/2/22, , 5, 32, , 
2020/2/23, , 7, 32, , 
2020/2/24, , 11, 24, 8, 
2020/2/25, , 15, 30, 1, 
2020/2/26, , 6, 30, 1, 
2020/2/27, , 1, 27, 3, 
2020/2/28, , 4, 24, 8, 
2020/2/29, , 9, 31, 2, 
2020/3/1, , 5, 29, 5, 
2020/3/2, , 7, 11, 6, 
2020/3/3, , 14, 16, 5, 
2020/3/4, , 8, 26, 4, 
2020/3/5, , 4, 24, 7, 
2020/3/6, , 28, 21, 7, 
2020/3/7, , 25, 26, 6, 
2020/3/8, , 20, 29, 3, 
2020/3/9, , 24, 28, 4, 
2020/3/10, , 13, 26, 2, 
2020/3/11, , 7, 31, 2, 
2020/3/12, , 11, 31, 2, 
2020/3/13, , 9, 30, , 
2020/3/14, , 4, 32, 1, 
2020/3/15, , 10, 30, 3, 
2020/3/16, , 9, 28, 5, 
2020/3/17, , 8, 25, 2, 
2020/3/18, , 6, 30, 1, 
2020/3/19, , 9, 26, 1, 
2020/3/20, , 5, , , 
2020/3/23, , 27, 35, 1, 
2020/3/24, , 13, 39, 1, 
2020/3/25, , 20, 42, 1, 
2020/3/26, , 22, 36, 6, 
2020/3/27, , 38, 38, 4, 
2020/3/28, , 31, 31, , 
2020/3/29, , 6, 30, 6, 
2020/3/30, , 15, 32, 7, 
2020/3/31, , 22, 33, 1, 
2019/10/1, , 7, 21, 1, 
2019/10/2, , 14, 15, 4, 
2019/10/3, , 6, 22, 1, 
2019/10/4, , 8, 24, 1, 
2019/10/5, , 8, 25, 4, 
2019/10/6, , 8, 18, 9, 
2019/10/7, , 12, 15, 9, 
2019/10/8, , 11, 14, 7, 
2019/10/9, , 12, 9, 8, 
2019/10/10, , 14, 19, 5, 
2019/10/11, , 10, 25, 1, 
2019/10/12, , 3, 22, 2, 
2019/10/13, , 1, 22, 6, 
2019/10/14, , 4, 14, 7, 
2019/10/15, , 11, 14, 5, 
2019/10/16, , 18, 6, 7, 
2019/10/17, , 14, 4, 7, 
2019/10/18, , 11, 26, 3, 
2019/10/19, , 10, 21, 3, 
2019/10/20, , 10, 19, 3, 
2019/10/21, , 5, 23, 3, 1
2019/10/22, , 8, 25, 2, 
2019/10/23, , 10, 26, 4, 
2019/10/24, , 14, 22, 3, 
2019/10/25, , 16, 27, 2, 
2019/10/26, , 4, 27, 3, 
2019/10/27, , 2, 17, 7, 
2019/10/28, , 9, 22, 3, 1
2019/10/29, , 3, 21, 7, 1
2019/10/30, , 12, 24, 6, 
2019/10/31, , 8, 28, 8, 1
2019/11/1, , 10, 18, 3, 1
2019/11/2, , 10, 19, 6, 1
2019/11/3, , 6, 25, 2, 
2019/11/4, , 4, 28, 1, 
2019/11/5, , 3, 28, 3, 
2019/11/6, , 5, 15, 9, 1
2019/11/7, , 16, 9, 5, 
2019/11/8, , 20, 12, 4, 
2019/11/9, , 12, 9, 4, 
2019/11/11, , 13, 13, 7, 
2019/11/12, , 17, 15, 5, 
2019/11/13, , 8, 20, 4, 
2019/11/14, , 14, 19, 14, 
2019/11/15, , 16, 12, 7, 
2019/11/16, , 9, 15, 3, 
2019/11/17, , 12, 11, 7, 
2019/11/18, , 11, 15, 4, 
2019/11/19, , 20, 11, 5, 
2019/11/20, , 15, 16, 4, 
2019/11/21, , 17, 15, 4, 
2019/11/22, , 19, 14, 3, 
2019/11/23, , 15, 7, 5, 
2019/11/24, , 24, 7, 10, 
2019/11/25, , 43, 12, 7, 
2019/11/26, , 31, 8, 6, 
2019/11/27, , 9, 5, 5, 
2019/11/28, , 13, 14, 5, 
2019/11/29, , 11, 29, 3, 
2019/11/30, , 4, 32, 1, 
2019/12/1, , 2, 29, 4, 
2019/12/2, , 3, 32, 5, 
2019/12/3, , 3, 25, 3, 1
2019/12/4, , 3, 25, 2, 1
2019/12/5, , 6, 24, 3, 
2019/12/6, , 5, 22, 2, 
2019/12/7, , 1, 30, 2, 
2019/12/8, , 5, 30, 1, 
2019/12/9, , 4, 25, 3, 
2019/12/10, , 3, 19, 6, 
2019/12/11, , 21, 19, 5, 
2019/12/12, , 17, 13, 7, 
2019/12/13, , 13, 17, 2, 
2019/12/14, , 8, 12, 3, 
2019/12/15, , 4, 23, 7, 
2019/12/16, , 4, 25, 5, 
2019/12/17, , 6, 19, 5, 
2019/12/18, , 9, 25, 6, 
2019/12/19, , 10, 17, 7, 
2019/12/20, , 11, 12, 4, 
2019/12/21, , 10, 6, 8, 
2019/12/22, , 17, 10, 12, 
2019/12/23, , 10, 17, 4, 
2019/12/24, , 2, 19, 5, 
2019/12/25, , 2, 17, 2, 
2019/12/26, , 1, 21, 1, 
2019/12/27, , 1, 28, 5, 
2019/12/28, , 3, 23, 5, 
2019/12/29, , 12, , , 
2019/3/31, , 12, 34, 3, 
2019/1/1, , 5, 30, 1, 
2018/11/24, , 12, 29, 6, 
2018/12/9, , 10, 16, 7, 
2018/7/7, , 8, 21, 1, 
2018/4/1, , 15, 34, 4, 
2018/4/2, , 7, 36, 3, 
2018/4/3, , 7, 41, 6, 
2018/4/4, , 16, 34, 10, 
2018/4/5, , 16, 28, 7, 
2018/4/6, , 8, 34, 2, 
2018/4/7, , 11, 35, 4, 
2018/4/8, , 27, 31, 6, 
2018/4/9, , 39, 40, 6, 
2018/4/10, , 9, 38, 4, 
2018/4/11, , 20, 32, 6, 
2018/4/12, , 28, 33, 8, 
2018/4/13, , 35, 36, 11, 
2018/4/14, , 24, 45, 6, 1
2018/4/15, , 49, 38, 11, 1
2018/4/16, , 29, 32, 16, 
2018/4/17, , 17, 27, 5, 
2018/4/18, , 25, 39, 4, 
2018/4/19, , 21, 35, 4, 
2018/4/20, , 23, 36, 4, 
2018/4/21, , 13, 38, 1, 
2018/4/22, , 4, 36, 2, 
2018/4/23, , 14, 33, 3, 
2018/4/24, , 17, 31, 3, 
2018/4/25, , 11, 29, 2, 
2018/4/26, , 17, 33, 3, 
2018/4/27, , 16, 31, 3, 
2018/4/28, , 12, 33, 3, 
2018/4/29, , 14, 32, 4, 
2018/4/30, , 8, 34, 4, 
2018/5/1, , 11, 33, 3, 
2018/5/2, , 14, 28, 5, 
2018/5/3, , 16, 27, 7, 
2018/5/4, , 11, 33, 2, 
2018/5/5, , 7, 34, 2, 
2018/5/6, , 15, 37, 3, 
2018/5/7, , 28, 42, 4, 
2018/5/8, , 17, 39, 4, 
2018/5/9, , 27, 33, 6, 
2018/5/10, , 23, 35, 4, 
2018/5/11, , 24, 37, 5, 
2018/5/12, , 21, 42, 4, 
2018/5/13, , 19, 48, 5, 
2018/5/14, , 47, 39, 10, 
2018/1/1, , 12, 28, 3, 
2018/1/2, , 4, 19, 5, 
2018/1/3, , 9, 11, 6, 
2018/1/4, , 6, 15, 5, 
2018/1/5, , 5, 20, 2, 
2018/1/6, , 3, 30, 1, 
2018/1/7, , 5, 31, 3, 
2018/1/8, , 7, 24, 7, 
2018/1/9, , 6, 18, 7, 
2018/1/11, , 8, 22, 10, 
2018/1/12, , 15, 10, 13, 
2018/1/13, , 21, 19, 5, 
2018/1/14, , 18, 19, 4, 
2018/1/15, , 14, 19, 3, 
2018/1/16, , 19, 17, 7, 
2018/1/17, , 24, 13, 13, 
2018/1/18, , 15, 6, 12, 
2018/1/19, , 23, 13, 10, 
2018/1/20, , 19, 16, 4, 
2018/1/21, , 7, 23, 7, 
2018/1/22, , 8, 18, 12, 
2018/1/23, , 10, 24, 5, 
2018/1/24, , 17, 25, 4, 
2018/1/25, , 7, 24, 8, 
2018/1/26, , 8, 19, 4, 
2018/1/27, , 9, 19, 4, 
2018/1/28, , 5, 12, 9, 
2018/1/29, , 7, 13, 4, 
2018/1/30, , 10, 15, 8, 
2018/1/31, , 10, 21, 7, 
2018/2/1, , 6, 23, 9, 
2018/2/2, , 9, 17, 5, 
2018/2/3, , 9, 28, 1, 
2018/2/4, , 7, 28, 3, 
2018/2/5, , 6, 28, 7, 
2018/2/6, , 8, 23, 8, 
2018/2/7, , 9, 24, 8, 
2018/2/8, , 13, 23, 12, 
2018/2/9, , 18, 20, 10, 
2018/2/10, , 20, 15, 8, 
2018/2/11, , 18, 22, 5, 
2018/2/12, , 17, 21, 6, 
2018/2/13, , 21, 17, 14, 
2018/2/14, , 25, 23, 11, 
2018/2/15, , 24, 22, 9, 
2018/2/16, , 32, 25, 6, 
2018/2/17, , 27, 27, 4, 
2018/2/18, , 17, 24, 4, 1
2018/2/19, , 16, 27, 3, 
2018/2/20, , 8, 22, 14, 
2018/2/21, , 12, 20, 17, 
2018/2/22, , 17, 25, 9, 
2018/2/23, , 13, 27, 1, 
2018/2/24, , 6, 29, 4, 
2018/2/25, , 6, 29, 4, 
2018/2/26, , 9, 21, 7, 
2018/2/27, , 14, 21, 7, 
2018/2/28, , 13, 29, 12, 2
2018/3/1, , 12, 21, 11, 2
2018/3/2, , 14, 23, 12, 2
2018/3/3, , 18, 27, 9, 1
2018/3/4, , 12, 24, 19, 1
2018/3/5, , 22, 34, 8, 1
2018/3/6, , 16, 32, 10, 2
2018/3/7, , 17, 23, 14, 2
2018/3/8, , 23, 30, 7, 
2018/3/9, , 17, 26, 5, 
2018/3/10, , 22, 24, 6, 
2018/3/11, , 16, 28, 7, 
2018/3/12, , 13, 24, 9, 
2018/3/13, , 13, 30, 2, 
2018/3/14, , 9, 32, 2, 1
2018/3/15, , 7, 31, 1, 1
2018/3/16, , 7, 32, 2, 1
2018/3/17, , 9, 36, 1, 
2018/3/18, , 11, 35, 2, 
2018/3/19, , 13, 33, 3, 
2018/3/20, , 3, 33, 3, 1
2018/3/21, , 12, 34, 3, 
2018/3/22, , 5, 36, 7, 
2018/3/23, , 8, 35, 6, 
2018/3/24, , 26, 28, 1, 
2018/3/25, , 10, 32, 2, 
2018/3/26, , 6, 33, 6, 
2018/3/27, , 16, 35, 8, 
2018/3/28, , 23, 32, 7, 
2018/3/29, , 10, 38, 11, 
2018/3/30, , 21, 40, 6, 1
2018/3/31, , 14, 34, 4, 
2017/11/13, , 5, 19, 8, 
2017/11/14, , 5, 23, 4, 
2017/11/15, , 3, 29, 3, 
2017/11/16, , 6, 25, 2, 
2017/11/17, , 8, 25, 1, 
2017/11/18, , 7, 20, 3, 
2017/11/19, , 9, 17, 7, 
2017/11/20, , 4, 15, 9, 
2017/11/21, , 7, 12, 6, 
2017/11/22, , 5, 15, 3, 
2017/11/23, , 6, 10, 6, 
2017/11/24, , 13, 11, 9, 
2017/11/25, , 10, 16, 4, 
2017/11/26, , 10, 14, 5, 
2017/11/27, , 7, 17, 3, 
2017/11/28, , 8, 15, 5, 
2017/11/29, , 7, 6, 4, 
2017/11/30, , 8, 7, 5, 
2017/12/1, , 7, 19, 3, 
2017/12/2, , 5, 23, 1, 
2017/12/3, , 3, 26, 4, 
2017/12/4, , 4, 26, 9, 
2017/12/5, , 4, 27, 2, 
2017/12/6, , 3, 24, 6, 1
2017/12/7, , 4, 20, 5, 
2017/12/8, , 4, 24, 1, 
2017/12/9, , 6, 20, 2, 
2017/12/10, , 9, 18, 7, 
2017/12/11, , 11, 17, 4, 
2017/12/12, , 9, 22, 3, 
2017/12/13, , 3, 21, 3, 
2017/12/14, , 7, 21, 6, 
2017/12/15, , 9, 19, 4, 
2017/12/16, , 11, 13, 5, 
2017/12/17, , 7, 16, 6, 
2017/12/18, , 5, 20, 4, 
2017/12/19, , 4, 20, 5, 
2017/12/20, , 6, 25, 6, 
2017/12/21, , 5, 29, 7, 
2017/12/22, , 6, 30, 2, 
2017/12/23, , 2, 31, , 
2017/12/24, , 4, 27, 4, 
2017/12/25, , 8, 24, 5, 
2017/12/26, , 5, 21, 4, 
2017/12/27, , 6, 18, 4, 
2017/12/28, , 13, 14, 6, 
2017/12/29, , 12, 18, 6, 
2017/12/30, , 6, , , 
2017/7/1, , 4, 15, , 
2017/7/2, , 8, 9, 2, 
2017/7/3, , 8, 21, 1, 
2017/7/4, , 7, 21, 1, 
2017/7/5, , 5, 22, 1, 
2017/7/6, , 3, 23, 1, 
2017/7/10, , 12, 12, 4, 
2017/7/11, , 13, 27, 2, 
2017/7/12, , 5, 19, 2, 
2017/7/13, , 7, 22, , 
2017/7/14, , 2, 25, 3, 
2017/7/15, , 5, 23, 2, 
2017/7/16, , 4, 21, 3, 
2017/7/17, , 9, 20, 2, 
2017/7/18, , 9, 18, 1, 
2017/7/19, , 7, 20, 1, 
2017/7/20, , 6, 18, 2, 
2017/7/21, , 8, 19, 1, 
2017/7/22, , 6, 20, 3, 
2017/7/23, , 10, 15, 4, 
2017/7/24, , 10, 11, 1, 
2017/7/25, , 4, 15, 1, 
2017/7/26, , 8, 17, 3, 
2017/7/27, , 9, 27, 1, 
2017/7/28, , 11, 21, 2, 
2017/7/29, , 9, 21, , 
2017/7/30, , 8, 23, 2, 
2017/7/31, , 11, 22, 2, 
2017/8/1, , 12, 25, 2, 
2017/8/2, , 10, 27, 3, 
2017/8/3, , 11, 24, 3, 
2017/8/4, , 10, 19, 1, 
2017/8/5, , 3, 19, , 
2017/8/6, , 3, 18, 2, 
2017/8/7, , 5, 21, 3, 
2017/8/8, , 9, 19, 8, 
2017/8/9, , 16, 36, 3, 
2017/8/10, , 19, 28, 4, 
2017/8/11, , 16, 20, 3, 
2017/8/12, , 17, 20, , 
2017/8/13, , 7, 20, 2, 
2017/8/14, , 5, 18, 5, 
2017/8/15, , 11, 14, 6, 
2017/8/16, , 17, 12, 4, 
2017/8/17, , 17, 15, 6, 
2017/8/18, , 17, 20, 2, 
2017/8/19, , 13, 23, 1, 
2017/8/20, , 7, 14, 5, 
2017/8/21, , 14, 4, 10, 
2017/8/22, , 15, 11, 4, 
2017/8/23, , 12, 16, , 
2017/8/24, , 4, 12, 5, 
2017/8/25, , 3, 24, 1, 
2017/8/26, , 2, 15, 1, 
2017/8/27, , 1, 13, 3, 
2017/8/28, , 8, 21, 5, 
2017/8/29, , 14, 33, 2, 
2017/8/30, , 16, 30, 5, 
2017/8/31, , 20, 29, 2, 
2017/9/1, , 11, 13, 1, 
2017/9/2, , 5, 15, 3, 
2017/9/3, , 4, 20, 4, 
2017/9/4, , 11, 18, 2, 
2017/9/5, , 11, 8, 3, 
2017/9/6, , 7, , , 
2017/9/11, , 7, 14, 4, 
2017/9/12, , 8, 15, 5, 
2017/9/13, , 10, 20, 4, 
2017/9/14, , 4, 15, 2, 
2017/9/15, , 5, 20, 1, 
2017/9/16, , 4, 9, 3, 
2017/9/17, , 4, 10, 1, 
2017/9/18, , 4, 7, 2, 
2017/9/19, , 3, 4, 5, 
2017/9/20, , 6, 13, 6, 
2017/9/21, , 12, 8, 3, 
2017/9/22, , 11, 14, 3, 
2017/9/23, , 11, 13, 2, 
2017/9/24, , 10, 13, 7, 
2017/9/25, , 20, 5, 6, 
2017/9/26, , 21, 9, 5, 
2017/9/27, , 20, 9, 5, 
2017/9/28, , 23, 11, 6, 
2017/9/29, , 19, 15, 3, 
2017/9/30, , 12, 13, 2, 
2017/10/1, , 11, , , 
2017/4/1, , 11, 28, 2, 
2017/4/2, , 14, 28, 2, 
2017/4/3, , 7, 23, 3, 
2017/4/4, , 17, 29, 5, 
2017/4/5, , 14, 31, 3, 
2017/4/6, , 18, 31, 6, 
2017/4/7, , 19, 30, 6, 
2017/4/8, , 9, 33, 1, 
2017/4/9, , 9, 31, 1, 
2017/4/10, , 30, 38, 3, 
2017/4/11, , 10, 32, 3, 
2017/4/12, , 11, 30, 4, 
2017/4/13, , 4, 29, 2, 
2017/4/14, , 8, 31, 1, 
2017/4/15, , 12, 34, 4, 
2017/4/16, , 16, 33, 6, 
2017/4/17, , 4, 31, 1, 
2017/4/18, , 9, 31, 2, 
2017/4/19, , 12, 29, 5, 
2017/4/20, , 28, 35, 9, 
2017/4/21, , 11, 31, 3, 
2017/4/22, , 6, 32, 2, 
2017/4/23, , 4, 31, , 
2017/4/24, , 13, 27, 5, 
2017/4/25, , 12, 27, 5, 
2017/4/26, , 5, 32, 3, 
2017/4/27, , 12, 26, 5, 
2017/4/28, , 17, 29, 10, 
2017/4/29, , 8, 30, 1, 
2017/4/30, , 5, 34, 1, 
2017/5/1, , 11, 35, 2, 
2017/5/2, , 25, 35, 7, 
2017/5/3, , 8, 31, 3, 
2017/5/4, , 11, 31, 5, 
2017/5/5, , 24, 36, 8, 
2017/5/6, , 10, 35, 3, 
2017/5/7, , 5, 32, 2, 
2017/5/8, , 11, 29, 3, 
2017/5/9, , 3, 27, , 
2017/5/10, , 8, 25, 3, 
2017/5/11, , 11, 29, 4, 
2017/5/12, , 7, 31, 3, 
2017/5/13, , 12, 32, 8, 
2017/5/14, , 9, 35, 3, 
2017/5/15, , 12, 28, 9, 
2017/5/16, , 5, 27, 1, 
2017/5/17, , 17, 33, 4, 
2017/5/18, , 19, 31, 8, 
2017/5/19, , 27, 49, 8, 
2017/5/20, , 16, 40, 4, 
2017/5/21, , 6, 29, 2, 
2017/5/22, , 12, 30, 5, 
2017/5/23, , 14, 24, 4, 
2017/5/24, , 8, 23, 5, 
2017/6/1, , 13, 23, 2, 
2017/6/2, , 5, 20, 1, 
2017/6/3, , 5, 29, 1, 
2017/6/4, , 5, 25, 2, 
2017/6/5, , 7, 20, 6, 
2017/6/6, , 11, 26, 3, 
2017/6/7, , 23, 29, 5, 
2017/6/8, , 11, 24, 7, 
2017/6/9, , 15, 22, 6, 
2017/6/10, , 12, 26, 3, 
2017/6/11, , 15, 26, 5, 
2017/6/12, , 5, 25, 4, 
2017/6/13, , 6, 23, 1, 
2017/6/14, , 5, 22, 2, 
2017/6/15, , 12, 25, 4, 
2017/6/16, , 13, 24, 4, 
2017/6/19, , 13, 22, 2, 
2017/6/20, , 6, 22, 3, 
2017/6/21, , 6, 23, 1, 
2017/6/22, , 4, 22, , 
2017/6/23, , 1, 25, , 
2017/6/24, , 14, 22, 2, 
2017/6/25, , 6, 25, , 
2017/6/26, , 4, 22, 1, 
2017/6/27, , 3, 20, 1, 
2017/6/28, , 4, 25, 1, 
2017/6/29, , 10, 23, 4, 
2017/6/30, , 14, 22, 2, 
2017/1/27, , 13, 14, 5, 
2017/1/28, , 7, 19, 3, 
2017/1/29, , 5, 19, 4, 
2017/1/30, , 16, 20, 5, 
2017/1/31, , 10, 23, 7, 
2017/2/1, , 7, 23, 7, 
2017/2/2, , 15, 18, 10, 
2017/2/3, , 22, 16, 8, 
2017/2/4, , 18, 20, 4, 
2017/2/5, , 11, 22, 7, 1
2017/2/6, , 12, 20, 13, 2
2017/2/7, , 21, 25, 13, 1
2017/2/8, , 35, 20, 13, 
2017/2/9, , 18, 18, 9, 
2017/2/10, , 15, 20, 11, 
2017/2/11, , 13, 26, 2, 
2017/2/12, , 5, 29, 2, 
2017/2/13, , 5, 26, 10, 
2017/2/14, , 4, 19, 18, 
2017/2/15, , 26, 19, 6, 
2017/2/16, , 11, 18, 5, 
2017/2/17, , 14, 28, 3, 
2017/2/18, , 4, 24, , 
2017/2/19, , 1, 24, 11, 
2017/2/20, , 5, 27, 2, 
2017/2/21, , 2, 27, 6, 
2017/2/22, , 21, 30, 3, 
2017/2/23, , 3, 32, 1, 
2017/2/24, , 2, 31, 1, 
2017/2/25, , 2, 26, 6, 
2017/2/26, , 3, 23, 6, 
2017/2/27, , 3, 21, 4, 
2017/2/28, , 7, 26, 9, 
2017/3/1, , 7, 25, 6, 
2017/3/2, , 8, 23, 6, 
2017/3/3, , 8, 27, 3, 
2017/3/4, , 2, 28, 1, 
2017/3/5, , 4, 29, 1, 
2017/3/6, , 22, 26, 4, 
2017/3/7, , 20, 26, 5, 
2017/3/8, , 6, 26, 8, 
2017/3/9, , 10, 16, 13, 
2017/3/10, , 15, 17, 4, 
2017/3/11, , 7, 19, 4, 
2017/3/12, , 11, 27, 6, 
2017/3/13, , 20, 29, 3, 
2017/3/14, , 16, 26, 2, 
2017/3/15, , 15, 31, 5, 
2017/3/16, , 17, 30, 3, 
2017/3/17, , 7, 27, 3, 
2017/3/18, , 7, 21, 7, 
2017/3/19, , 8, 24, 11, 
2017/3/20, , 24, 27, 4, 
2017/3/21, , 4, 30, 2, 
2017/3/22, , 8, 29, 3, 
2017/3/23, , 17, 32, 3, 
2017/3/24, , 20, 25, 5, 
2017/3/25, , 7, 32, 5, 
2017/3/26, , 11, 35, 3, 
2017/3/27, , 19, 33, 3, 
2017/3/28, , 12, 27, 5, 
2017/3/29, , 16, 31, 3, 
2017/3/30, , 9, 28, 8, 
2017/3/31, , 13, 23, 5, 
2019/12/31, , , 30, 1, 
2020/3/22, , , 32, 2, 
2019/11/10, , , 12, 4, 
2017/12/31, , , 14, 3, 
2018/1/10, , , 20, 8, 
2017/11/12, , , 19, 6, 
2017/7/7, , , 25, 3, 
2017/7/8, , , 23, 6, 
2017/7/9, , , 22, 5, 
2017/9/10, , , 17, 4, 
2017/1/26, , , 2, 17, 